-- --------------------------------------------------------
-- Host:                         localhost
-- Server Version:               5.5.52-0+deb8u1 - (Raspbian)
-- Server Betriebssystem:        debian-linux-gnu
-- HeidiSQL Version:             9.3.0.4984
-- --------------------------------------------------------

/*!40101 SET @OLD_CHARACTER_SET_CLIENT=@@CHARACTER_SET_CLIENT */;
/*!40101 SET NAMES utf8mb4 */;
/*!40014 SET @OLD_FOREIGN_KEY_CHECKS=@@FOREIGN_KEY_CHECKS, FOREIGN_KEY_CHECKS=0 */;
/*!40101 SET @OLD_SQL_MODE=@@SQL_MODE, SQL_MODE='NO_AUTO_VALUE_ON_ZERO' */;

-- Exportiere Struktur von Tabelle stromzaehler.leistung
CREATE TABLE IF NOT EXISTS `leistung` (
  `zaehlerid` int(11) DEFAULT NULL,
  `time` timestamp NULL DEFAULT NULL,
  `leistung` double DEFAULT NULL,
  KEY `zeahlerid` (`zaehlerid`),
  CONSTRAINT `FK__zaehler` FOREIGN KEY (`zaehlerid`) REFERENCES `zaehler` (`ID`)
) ENGINE=InnoDB DEFAULT CHARSET=utf8;

-- Exportiere Daten aus Tabelle stromzaehler.leistung: ~2.677 rows (ungefähr)
/*!40000 ALTER TABLE `leistung` DISABLE KEYS */;
INSERT INTO `leistung` (`zaehlerid`, `time`, `leistung`) VALUES
	(1, '2016-05-01 23:59:00', 338.97),
	(1, '2016-06-01 23:59:00', 870.3),
	(1, '2016-07-01 23:59:00', 1396.35),
	(1, '2016-08-01 23:59:00', 1981.92),
	(1, '2016-09-01 23:59:00', 2553.92),
	(1, '2016-10-01 23:59:00', 3041.1),
	(1, '2016-11-01 23:59:00', 3300.13),
	(1, '2016-05-02 23:59:00', 360.97),
	(1, '2016-06-02 23:59:00', 887.74),
	(1, '2016-07-02 23:59:00', 1417.79),
	(1, '2016-08-02 23:59:00', 1999.92),
	(1, '2016-09-02 23:59:00', 2572.7),
	(1, '2016-10-02 23:59:00', 3049.26),
	(1, '2016-11-02 23:59:00', 3305.3),
	(1, '2016-05-03 23:59:00', 382.97),
	(1, '2016-06-03 23:59:00', 905.18),
	(1, '2016-07-03 23:59:00', 1439.23),
	(1, '2016-08-03 23:59:00', 2017.92),
	(1, '2016-09-03 23:59:00', 2591.48),
	(1, '2016-10-03 23:59:00', 3057.42),
	(1, '2016-11-03 23:59:00', 3310.47),
	(1, '2016-05-04 23:59:00', 404.97),
	(1, '2016-06-04 23:59:00', 922.62),
	(1, '2016-07-04 23:59:00', 1460.67),
	(1, '2016-08-04 23:59:00', 2035.92),
	(1, '2016-09-04 23:59:00', 2610.26),
	(1, '2016-10-04 23:59:00', 3065.58),
	(1, '2016-11-04 23:59:00', 3315.64),
	(1, '2016-05-05 23:59:00', 426.97),
	(1, '2016-06-05 23:59:00', 940.06),
	(1, '2016-07-05 23:59:00', 1482.11),
	(1, '2016-08-05 23:59:00', 2053.92),
	(1, '2016-09-05 23:59:00', 2629.04),
	(1, '2016-10-05 23:59:00', 3073.74),
	(1, '2016-11-05 23:59:00', 3320.81),
	(1, '2016-05-06 23:59:00', 448.97),
	(1, '2016-06-06 23:59:00', 957.5),
	(1, '2016-07-06 23:59:00', 1503.55),
	(1, '2016-08-06 23:59:00', 2071.92),
	(1, '2016-09-06 23:59:00', 2647.82),
	(1, '2016-10-06 23:59:00', 3081.9),
	(1, '2016-11-06 23:59:00', 3325.98),
	(1, '2016-05-07 23:59:00', 470.97),
	(1, '2016-06-07 23:59:00', 974.94),
	(1, '2016-07-07 23:59:00', 1524.99),
	(1, '2016-08-07 23:59:00', 2089.92),
	(1, '2016-09-07 23:59:00', 2666.6),
	(1, '2016-10-07 23:59:00', 3090.06),
	(1, '2016-11-07 23:59:00', 3331.15),
	(1, '2016-05-08 23:59:00', 492.97),
	(1, '2016-06-08 23:59:00', 989.69),
	(1, '2016-07-08 23:59:00', 1546.43),
	(1, '2016-08-08 23:59:00', 2107.92),
	(1, '2016-09-08 23:59:00', 2685.38),
	(1, '2016-10-08 23:59:00', 3098.22),
	(1, '2016-11-08 23:59:00', 3336.32),
	(1, '2016-05-09 23:59:00', 516.97),
	(1, '2016-06-09 23:59:00', 1004.44),
	(1, '2016-07-09 23:59:00', 1567.87),
	(1, '2016-08-09 23:59:00', 2125.92),
	(1, '2016-09-09 23:59:00', 2704.16),
	(1, '2016-10-09 23:59:00', 3106.38),
	(1, '2016-11-09 23:59:00', 3341.49),
	(1, '2016-05-10 23:59:00', 531.97),
	(1, '2016-06-10 23:59:00', 1019.19),
	(1, '2016-07-10 23:59:00', 1586.34),
	(1, '2016-08-10 23:59:00', 2143.92),
	(1, '2016-09-10 23:59:00', 2722.94),
	(1, '2016-10-10 23:59:00', 3114.54),
	(1, '2016-11-10 23:59:00', 3346.66),
	(1, '2016-05-11 23:59:00', 546.97),
	(1, '2016-06-11 23:59:00', 1033.94),
	(1, '2016-07-11 23:59:00', 1604.81),
	(1, '2016-08-11 23:59:00', 2161.92),
	(1, '2016-09-11 23:59:00', 2738.44),
	(1, '2016-10-11 23:59:00', 3122.7),
	(1, '2016-11-11 23:59:00', 3351.83),
	(1, '2016-04-12 23:59:00', 26.96),
	(1, '2016-05-12 23:59:00', 553.22),
	(1, '2016-06-12 23:59:00', 1048.69),
	(1, '2016-07-12 23:59:00', 1623.28),
	(1, '2016-08-12 23:59:00', 2179.92),
	(1, '2016-09-12 23:59:00', 2753.94),
	(1, '2016-10-12 23:59:00', 3130.86),
	(1, '2016-11-12 23:59:00', 3357),
	(1, '2016-04-13 23:59:00', 53.96),
	(1, '2016-05-13 23:59:00', 559.47),
	(1, '2016-06-13 23:59:00', 1063.44),
	(1, '2016-07-13 23:59:00', 1641.75),
	(1, '2016-08-13 23:59:00', 2197.92),
	(1, '2016-09-13 23:59:00', 2769.44),
	(1, '2016-10-13 23:59:00', 3139.02),
	(1, '2016-04-14 23:59:00', 62.71),
	(1, '2016-05-14 23:59:00', 565.72),
	(1, '2016-06-14 23:59:00', 1078.19),
	(1, '2016-07-14 23:59:00', 1660.22),
	(1, '2016-08-14 23:59:00', 2215.92),
	(1, '2016-09-14 23:59:00', 2784.94),
	(1, '2016-10-14 23:59:00', 3147.18),
	(1, '2016-04-15 23:59:00', 71.46),
	(1, '2016-05-15 23:59:00', 571.97),
	(1, '2016-06-15 23:59:00', 1092.94),
	(1, '2016-07-15 23:59:00', 1678.69),
	(1, '2016-08-15 23:59:00', 2233.92),
	(1, '2016-09-15 23:59:00', 2800.44),
	(1, '2016-10-15 23:59:00', 3155.34),
	(1, '2016-04-16 23:59:00', 80.21),
	(1, '2016-05-16 23:59:00', 586.97),
	(1, '2016-06-16 23:59:00', 1107.69),
	(1, '2016-07-16 23:59:00', 1697.16),
	(1, '2016-08-16 23:59:00', 2251.92),
	(1, '2016-09-16 23:59:00', 2815.94),
	(1, '2016-10-16 23:59:00', 3163.5),
	(1, '2016-04-17 23:59:00', 88.96),
	(1, '2016-05-17 23:59:00', 605.4),
	(1, '2016-06-17 23:59:00', 1122.44),
	(1, '2016-07-17 23:59:00', 1715.63),
	(1, '2016-08-17 23:59:00', 2269.92),
	(1, '2016-09-17 23:59:00', 2831.44),
	(1, '2016-10-17 23:59:00', 3171.66),
	(1, '2016-04-18 23:59:00', 107.71),
	(1, '2016-05-18 23:59:00', 623.83),
	(1, '2016-06-18 23:59:00', 1137.19),
	(1, '2016-07-18 23:59:00', 1734.1),
	(1, '2016-08-18 23:59:00', 2287.92),
	(1, '2016-09-18 23:59:00', 2846.94),
	(1, '2016-10-18 23:59:00', 3179.82),
	(1, '2016-04-19 23:59:00', 126.46),
	(1, '2016-05-19 23:59:00', 642.26),
	(1, '2016-06-19 23:59:00', 1151.94),
	(1, '2016-07-19 23:59:00', 1752.57),
	(1, '2016-08-19 23:59:00', 2305.92),
	(1, '2016-09-19 23:59:00', 2862.44),
	(1, '2016-10-19 23:59:00', 3187.98),
	(1, '2016-04-20 23:59:00', 145.21),
	(1, '2016-05-20 23:59:00', 660.69),
	(1, '2016-06-20 23:59:00', 1172.21),
	(1, '2016-07-20 23:59:00', 1771.04),
	(1, '2016-08-20 23:59:00', 2323.92),
	(1, '2016-09-20 23:59:00', 2877.94),
	(1, '2016-10-20 23:59:00', 3196.16),
	(1, '2016-04-21 23:59:00', 163.96),
	(1, '2016-05-21 23:59:00', 679.12),
	(1, '2016-06-21 23:59:00', 1192.48),
	(1, '2016-07-21 23:59:00', 1789.51),
	(1, '2016-08-21 23:59:00', 2341.92),
	(1, '2016-09-21 23:59:00', 2893.44),
	(1, '2016-10-21 23:59:00', 3204.34),
	(1, '2016-04-22 23:59:00', 179.46),
	(1, '2016-05-22 23:59:00', 697.55),
	(1, '2016-06-22 23:59:00', 1212.75),
	(1, '2016-07-22 23:59:00', 1807.98),
	(1, '2016-08-22 23:59:00', 2359.92),
	(1, '2016-09-22 23:59:00', 2908.94),
	(1, '2016-10-22 23:59:00', 3212.52),
	(1, '2016-04-23 23:59:00', 194.96),
	(1, '2016-05-23 23:59:00', 715.98),
	(1, '2016-06-23 23:59:00', 1233.02),
	(1, '2016-07-23 23:59:00', 1826.45),
	(1, '2016-08-23 23:59:00', 2377.92),
	(1, '2016-09-23 23:59:00', 2924.44),
	(1, '2016-10-23 23:59:00', 3220.7),
	(1, '2016-04-24 23:59:00', 212.39),
	(1, '2016-05-24 23:59:00', 732.98),
	(1, '2016-06-24 23:59:00', 1253.29),
	(1, '2016-07-24 23:59:00', 1844.92),
	(1, '2016-08-24 23:59:00', 2395.92),
	(1, '2016-09-24 23:59:00', 2939.94),
	(1, '2016-10-24 23:59:00', 3228.88),
	(1, '2016-04-25 23:59:00', 229.82),
	(1, '2016-05-25 23:59:00', 749.98),
	(1, '2016-06-25 23:59:00', 1273.56),
	(1, '2016-07-25 23:59:00', 1861.92),
	(1, '2016-08-25 23:59:00', 2415.67),
	(1, '2016-09-25 23:59:00', 2955.44),
	(1, '2016-10-25 23:59:00', 3237.06),
	(1, '2016-04-26 23:59:00', 247.25),
	(1, '2016-05-26 23:59:00', 766.98),
	(1, '2016-06-26 23:59:00', 1293.83),
	(1, '2016-07-26 23:59:00', 1878.92),
	(1, '2016-08-26 23:59:00', 2435.42),
	(1, '2016-09-26 23:59:00', 2970.94),
	(1, '2016-10-26 23:59:00', 3245.24),
	(1, '2016-04-27 23:59:00', 264.68),
	(1, '2016-05-27 23:59:00', 783.98),
	(1, '2016-06-27 23:59:00', 1314.1),
	(1, '2016-07-27 23:59:00', 1895.92),
	(1, '2016-08-27 23:59:00', 2455.17),
	(1, '2016-09-27 23:59:00', 2986.44),
	(1, '2016-10-27 23:59:00', 3253.42),
	(1, '2016-04-28 23:59:00', 282.11),
	(1, '2016-05-28 23:59:00', 800.98),
	(1, '2016-06-28 23:59:00', 1334.37),
	(1, '2016-07-28 23:59:00', 1912.92),
	(1, '2016-08-28 23:59:00', 2474.92),
	(1, '2016-09-28 23:59:00', 3001.94),
	(1, '2016-10-28 23:59:00', 3261.6),
	(1, '2016-04-29 23:59:00', 299.54),
	(1, '2016-05-29 23:59:00', 817.98),
	(1, '2016-06-29 23:59:00', 1354.64),
	(1, '2016-07-29 23:59:00', 1929.92),
	(1, '2016-08-29 23:59:00', 2494.67),
	(1, '2016-09-29 23:59:00', 3017.44),
	(1, '2016-10-29 23:59:00', 3269.78),
	(1, '2016-04-30 23:59:00', 316.97),
	(1, '2016-05-30 23:59:00', 835.42),
	(1, '2016-06-30 23:59:00', 1374.91),
	(1, '2016-07-30 23:59:00', 1946.92),
	(1, '2016-08-30 23:59:00', 2514.42),
	(1, '2016-09-30 23:59:00', 3032.94),
	(1, '2016-10-30 23:59:00', 3277.96),
	(1, '2016-05-31 23:59:00', 852.86),
	(1, '2016-07-31 23:59:00', 1963.92),
	(1, '2016-08-31 23:59:00', 2534.17),
	(1, '2016-10-31 23:59:00', 3294.96),
	(1, '2016-11-13 23:59:03', 3362.0721),
	(3, '2016-01-01 23:59:00', 13038.22),
	(3, '2016-02-01 23:59:00', 13166.33),
	(3, '2016-03-01 23:59:00', 13352.83),
	(3, '2016-04-01 23:59:00', 13731.09),
	(3, '2016-01-02 23:59:00', 13042.51),
	(3, '2016-02-02 23:59:00', 13172.75),
	(3, '2016-03-02 23:59:00', 13363.04),
	(3, '2016-04-02 23:59:00', 13742.22),
	(3, '2016-01-03 23:59:00', 13046.8),
	(3, '2016-02-03 23:59:00', 13179.17),
	(3, '2016-03-03 23:59:00', 13373.25),
	(3, '2016-04-03 23:59:00', 13753.35),
	(3, '2016-01-04 23:59:00', 13051.09),
	(3, '2016-02-04 23:59:00', 13185.59),
	(3, '2016-03-04 23:59:00', 13383.46),
	(3, '2016-04-04 23:59:00', 13764.48),
	(3, '2016-01-05 23:59:00', 13055.38),
	(3, '2016-02-05 23:59:00', 13192.01),
	(3, '2016-03-05 23:59:00', 13393.67),
	(3, '2016-04-05 23:59:00', 13775.61),
	(3, '2016-01-06 23:59:00', 13059.67),
	(3, '2016-02-06 23:59:00', 13198.43),
	(3, '2016-03-06 23:59:00', 13403.88),
	(3, '2016-04-06 23:59:00', 13786.74),
	(3, '2016-01-07 23:59:00', 13063.96),
	(3, '2016-02-07 23:59:00', 13204.85),
	(3, '2016-03-07 23:59:00', 13414.09),
	(3, '2016-04-07 23:59:00', 13797.87),
	(3, '2016-01-08 23:59:00', 13066.14),
	(3, '2016-02-08 23:59:00', 13211.27),
	(3, '2016-03-08 23:59:00', 13424.3),
	(3, '2016-04-08 23:59:00', 13809),
	(3, '2016-01-09 23:59:00', 13068.32),
	(3, '2016-02-09 23:59:00', 13217.69),
	(3, '2016-03-09 23:59:00', 13434.51),
	(3, '2016-04-09 23:59:00', 13819),
	(3, '2016-01-10 23:59:00', 13070.5),
	(3, '2016-02-10 23:59:00', 13224.11),
	(3, '2016-03-10 23:59:00', 13444.72),
	(3, '2016-04-10 23:59:00', 13829),
	(3, '2016-01-11 23:59:00', 13072.68),
	(3, '2016-02-11 23:59:00', 13230.53),
	(3, '2016-03-11 23:59:00', 13454.93),
	(3, '2016-04-11 23:59:00', 13839),
	(3, '2016-01-12 23:59:00', 13074.86),
	(3, '2016-02-12 23:59:00', 13236.95),
	(3, '2016-03-12 23:59:00', 13467.49),
	(3, '2016-01-13 23:59:00', 13077.04),
	(3, '2016-02-13 23:59:00', 13242.81),
	(3, '2016-03-13 23:59:00', 13480.05),
	(3, '2016-01-14 23:59:00', 13079.22),
	(3, '2016-02-14 23:59:00', 13248.67),
	(3, '2016-03-14 23:59:00', 13492.61),
	(3, '2016-01-15 23:59:00', 13081.4),
	(3, '2016-02-15 23:59:00', 13254.53),
	(3, '2016-03-15 23:59:00', 13505.17),
	(3, '2016-01-16 23:59:00', 13083.58),
	(3, '2016-02-16 23:59:00', 13260.39),
	(3, '2016-03-16 23:59:00', 13517.73),
	(3, '2016-01-17 23:59:00', 13085.76),
	(3, '2016-02-17 23:59:00', 13266.25),
	(3, '2016-03-17 23:59:00', 13530.29),
	(3, '2016-01-18 23:59:00', 13087.94),
	(3, '2016-02-18 23:59:00', 13272.11),
	(3, '2016-03-18 23:59:00', 13542.85),
	(3, '2016-01-19 23:59:00', 13090.27),
	(3, '2016-02-19 23:59:00', 13277.97),
	(3, '2016-03-19 23:59:00', 13555.41),
	(3, '2016-01-20 23:59:00', 13092.6),
	(3, '2016-02-20 23:59:00', 13283.64),
	(3, '2016-03-20 23:59:00', 13567.97),
	(3, '2016-01-21 23:59:00', 13094.93),
	(3, '2016-02-21 23:59:00', 13289.31),
	(3, '2016-03-21 23:59:00', 13581.22),
	(3, '2016-01-22 23:59:00', 13096.93),
	(3, '2016-02-22 23:59:00', 13294.98),
	(3, '2016-03-22 23:59:00', 13594.47),
	(3, '2016-01-23 23:59:00', 13103.26),
	(3, '2016-02-23 23:59:00', 13300.65),
	(3, '2016-03-23 23:59:00', 13607.72),
	(3, '2016-01-24 23:59:00', 13109.59),
	(3, '2016-02-24 23:59:00', 13306.32),
	(3, '2016-03-24 23:59:00', 13620.97),
	(3, '2016-01-25 23:59:00', 13115.92),
	(3, '2016-02-25 23:59:00', 13311.99),
	(3, '2016-03-25 23:59:00', 13634.22),
	(3, '2016-01-26 23:59:00', 13122.25),
	(3, '2016-02-26 23:59:00', 13322.2),
	(3, '2016-03-26 23:59:00', 13647.47),
	(3, '2016-01-27 23:59:00', 13128.58),
	(3, '2016-02-27 23:59:00', 13332.41),
	(3, '2016-03-27 23:59:00', 13660.72),
	(3, '2016-01-28 23:59:00', 13134.91),
	(3, '2016-02-28 23:59:00', 13342.62),
	(3, '2016-03-28 23:59:00', 13673.97),
	(3, '2016-01-29 23:59:00', 13146.91),
	(3, '2016-03-29 23:59:00', 13689.3),
	(3, '2016-01-30 23:59:00', 13158.91),
	(3, '2016-03-30 23:59:00', 13704.63),
	(3, '2016-01-31 23:59:00', 13159.91),
	(3, '2016-03-31 23:59:00', 13719.96),
	(3, '2015-01-01 23:59:00', 8425.143667),
	(3, '2015-02-01 23:59:00', 8534.563667),
	(3, '2015-03-01 23:59:00', 8765.493667),
	(3, '2015-04-01 23:59:00', 9177.273667),
	(3, '2015-05-01 23:59:00', 9746.633667),
	(3, '2015-06-01 23:59:00', 10256.38367),
	(3, '2015-07-01 23:59:00', 10803.52367),
	(3, '2015-08-01 23:59:00', 11424.29367),
	(3, '2015-09-01 23:59:00', 11968.47367),
	(3, '2015-10-01 23:59:00', 12381.74233),
	(3, '2015-11-01 23:59:00', 12598.53233),
	(3, '2015-12-01 23:59:00', 12826.41),
	(3, '2015-01-02 23:59:00', 8427.743667),
	(3, '2015-02-02 23:59:00', 8542.563667),
	(3, '2015-03-02 23:59:00', 8774.843667),
	(3, '2015-04-02 23:59:00', 9194.943667),
	(3, '2015-05-02 23:59:00', 9753.133667),
	(3, '2015-06-02 23:59:00', 10281.09367),
	(3, '2015-07-02 23:59:00', 10824.37367),
	(3, '2015-08-02 23:59:00', 11444.84367),
	(3, '2015-09-02 23:59:00', 11982.355),
	(3, '2015-10-02 23:59:00', 12392.45233),
	(3, '2015-11-02 23:59:00', 12606.17467),
	(3, '2015-12-02 23:59:00', 12832.66),
	(3, '2015-01-03 23:59:00', 8430.343667),
	(3, '2015-02-03 23:59:00', 8550.563667),
	(3, '2015-03-03 23:59:00', 8784.193667),
	(3, '2015-04-03 23:59:00', 9212.613667),
	(3, '2015-05-03 23:59:00', 9759.633667),
	(3, '2015-06-03 23:59:00', 10305.80367),
	(3, '2015-07-03 23:59:00', 10845.22367),
	(3, '2015-08-03 23:59:00', 11465.39367),
	(3, '2015-09-03 23:59:00', 11996.23633),
	(3, '2015-10-03 23:59:00', 12403.16233),
	(3, '2015-11-03 23:59:00', 12613.817),
	(3, '2015-12-03 23:59:00', 12838.91),
	(3, '2015-01-04 23:59:00', 8432.943667),
	(3, '2015-02-04 23:59:00', 8558.563667),
	(3, '2015-03-04 23:59:00', 8793.543667),
	(3, '2015-04-04 23:59:00', 9230.283667),
	(3, '2015-05-04 23:59:00', 9773.633667),
	(3, '2015-06-04 23:59:00', 10330.51367),
	(3, '2015-07-04 23:59:00', 10866.07367),
	(3, '2015-08-04 23:59:00', 11485.94367),
	(3, '2015-09-04 23:59:00', 12010.11767),
	(3, '2015-10-04 23:59:00', 12413.87233),
	(3, '2015-11-04 23:59:00', 12621.45933),
	(3, '2015-12-04 23:59:00', 12845.16),
	(3, '2015-01-05 23:59:00', 8435.543667),
	(3, '2015-02-05 23:59:00', 8566.563667),
	(3, '2015-03-05 23:59:00', 8802.893667),
	(3, '2015-04-05 23:59:00', 9247.953667),
	(3, '2015-05-05 23:59:00', 9787.633667),
	(3, '2015-06-05 23:59:00', 10355.22367),
	(3, '2015-07-05 23:59:00', 10886.92367),
	(3, '2015-08-05 23:59:00', 11506.49367),
	(3, '2015-09-05 23:59:00', 12023.999),
	(3, '2015-10-05 23:59:00', 12424.58233),
	(3, '2015-11-05 23:59:00', 12629.10167),
	(3, '2015-12-05 23:59:00', 12851.41),
	(3, '2015-01-06 23:59:00', 8440.873667),
	(3, '2015-02-06 23:59:00', 8574.563667),
	(3, '2015-03-06 23:59:00', 8812.243667),
	(3, '2015-04-06 23:59:00', 9265.623667),
	(3, '2015-05-06 23:59:00', 9801.633667),
	(3, '2015-06-06 23:59:00', 10379.93367),
	(3, '2015-07-06 23:59:00', 10907.77367),
	(3, '2015-08-06 23:59:00', 11527.04367),
	(3, '2015-09-06 23:59:00', 12037.88033),
	(3, '2015-10-06 23:59:00', 12435.29233),
	(3, '2015-11-06 23:59:00', 12636.744),
	(3, '2015-12-06 23:59:00', 12857.66),
	(3, '2015-01-07 23:59:00', 8446.203667),
	(3, '2015-02-07 23:59:00', 8582.563667),
	(3, '2015-03-07 23:59:00', 8821.593667),
	(3, '2015-04-07 23:59:00', 9283.293667),
	(3, '2015-05-07 23:59:00', 9821.383667),
	(3, '2015-06-07 23:59:00', 10404.64367),
	(3, '2015-07-07 23:59:00', 10928.62367),
	(3, '2015-08-07 23:59:00', 11547.59367),
	(3, '2015-09-07 23:59:00', 12051.76167),
	(3, '2015-10-07 23:59:00', 12446.00233),
	(3, '2015-11-07 23:59:00', 12644.38633),
	(3, '2015-12-07 23:59:00', 12863.91),
	(3, '2015-01-08 23:59:00', 8451.533667),
	(3, '2015-02-08 23:59:00', 8590.563667),
	(3, '2015-03-08 23:59:00', 8837.873667),
	(3, '2015-04-08 23:59:00', 9300.963667),
	(3, '2015-05-08 23:59:00', 9841.133667),
	(3, '2015-06-08 23:59:00', 10417.77367),
	(3, '2015-07-08 23:59:00', 10949.47367),
	(3, '2015-08-08 23:59:00', 11568.14367),
	(3, '2015-09-08 23:59:00', 12065.643),
	(3, '2015-10-08 23:59:00', 12456.71233),
	(3, '2015-11-08 23:59:00', 12652.02867),
	(3, '2015-12-08 23:59:00', 12871.24),
	(3, '2015-01-09 23:59:00', 8457.193667),
	(3, '2015-02-09 23:59:00', 8596.853667),
	(3, '2015-03-09 23:59:00', 8854.153667),
	(3, '2015-04-09 23:59:00', 9318.633667),
	(3, '2015-05-09 23:59:00', 9860.883667),
	(3, '2015-06-09 23:59:00', 10430.90367),
	(3, '2015-07-09 23:59:00', 10970.32367),
	(3, '2015-08-09 23:59:00', 11588.69367),
	(3, '2015-09-09 23:59:00', 12079.52433),
	(3, '2015-10-09 23:59:00', 12467.42233),
	(3, '2015-11-09 23:59:00', 12659.671),
	(3, '2015-12-09 23:59:00', 12878.57),
	(3, '2015-01-10 23:59:00', 8462.853667),
	(3, '2015-02-10 23:59:00', 8603.143667),
	(3, '2015-03-10 23:59:00', 8870.433667),
	(3, '2015-04-10 23:59:00', 9338.633667),
	(3, '2015-05-10 23:59:00', 9880.633667),
	(3, '2015-06-10 23:59:00', 10444.03367),
	(3, '2015-07-10 23:59:00', 10991.17367),
	(3, '2015-08-10 23:59:00', 11609.24367),
	(3, '2015-09-10 23:59:00', 12093.40567),
	(3, '2015-10-10 23:59:00', 12478.13233),
	(3, '2015-11-10 23:59:00', 12667.31333),
	(3, '2015-12-10 23:59:00', 12885.9),
	(3, '2015-01-11 23:59:00', 8468.513667),
	(3, '2015-02-11 23:59:00', 8609.433667),
	(3, '2015-03-11 23:59:00', 8886.713667),
	(3, '2015-04-11 23:59:00', 9358.633667),
	(3, '2015-05-11 23:59:00', 9899.763667),
	(3, '2015-06-11 23:59:00', 10457.16367),
	(3, '2015-07-11 23:59:00', 11012.02367),
	(3, '2015-08-11 23:59:00', 11629.79367),
	(3, '2015-09-11 23:59:00', 12107.287),
	(3, '2015-10-11 23:59:00', 12488.84233),
	(3, '2015-11-11 23:59:00', 12674.95567),
	(3, '2015-12-11 23:59:00', 12893.23),
	(3, '2015-01-12 23:59:00', 8470.513667),
	(3, '2015-02-12 23:59:00', 8615.723667),
	(3, '2015-03-12 23:59:00', 8902.993667),
	(3, '2015-04-12 23:59:00', 9378.633667),
	(3, '2015-05-12 23:59:00', 9918.893667),
	(3, '2015-06-12 23:59:00', 10470.29367),
	(3, '2015-07-12 23:59:00', 11032.87367),
	(3, '2015-08-12 23:59:00', 11646.60367),
	(3, '2015-09-12 23:59:00', 12121.16833),
	(3, '2015-10-12 23:59:00', 12499.55233),
	(3, '2015-11-12 23:59:00', 12682.598),
	(3, '2015-12-12 23:59:00', 12900.56),
	(3, '2015-01-13 23:59:00', 8473.463667),
	(3, '2015-02-13 23:59:00', 8622.013667),
	(3, '2015-03-13 23:59:00', 8919.273667),
	(3, '2015-04-13 23:59:00', 9398.633667),
	(3, '2015-05-13 23:59:00', 9938.023667),
	(3, '2015-06-13 23:59:00', 10483.42367),
	(3, '2015-07-13 23:59:00', 11053.72367),
	(3, '2015-08-13 23:59:00', 11663.41367),
	(3, '2015-09-13 23:59:00', 12135.04967),
	(3, '2015-10-13 23:59:00', 12503.41233),
	(3, '2015-11-13 23:59:00', 12690.24033),
	(3, '2015-12-13 23:59:00', 12907.89),
	(3, '2015-01-14 23:59:00', 8476.413667),
	(3, '2015-02-14 23:59:00', 8628.303667),
	(3, '2015-03-14 23:59:00', 8935.553667),
	(3, '2015-04-14 23:59:00', 9418.633667),
	(3, '2015-05-14 23:59:00', 9957.153667),
	(3, '2015-06-14 23:59:00', 10496.55367),
	(3, '2015-07-14 23:59:00', 11070.72367),
	(3, '2015-08-14 23:59:00', 11680.22367),
	(3, '2015-09-14 23:59:00', 12148.931),
	(3, '2015-10-14 23:59:00', 12507.27233),
	(3, '2015-11-14 23:59:00', 12697.88267),
	(3, '2015-12-14 23:59:00', 12911.89),
	(3, '2015-01-15 23:59:00', 8479.363667),
	(3, '2015-02-15 23:59:00', 8634.593667),
	(3, '2015-03-15 23:59:00', 8952.763667),
	(3, '2015-04-15 23:59:00', 9432.303667),
	(3, '2015-05-15 23:59:00', 9976.283667),
	(3, '2015-06-15 23:59:00', 10509.68367),
	(3, '2015-07-15 23:59:00', 11090.39367),
	(3, '2015-08-15 23:59:00', 11697.03367),
	(3, '2015-09-15 23:59:00', 12162.81233),
	(3, '2015-10-15 23:59:00', 12511.13233),
	(3, '2015-11-15 23:59:00', 12705.525),
	(3, '2015-12-15 23:59:00', 12915.89),
	(3, '2015-01-16 23:59:00', 8482.313667),
	(3, '2015-02-16 23:59:00', 8643.943667),
	(3, '2015-03-16 23:59:00', 8969.973667),
	(3, '2015-04-16 23:59:00', 9445.973667),
	(3, '2015-05-16 23:59:00', 9995.413667),
	(3, '2015-06-16 23:59:00', 10535.68367),
	(3, '2015-07-16 23:59:00', 11110.06367),
	(3, '2015-08-16 23:59:00', 11713.84367),
	(3, '2015-09-16 23:59:00', 12176.69367),
	(3, '2015-10-16 23:59:00', 12514.99233),
	(3, '2015-11-16 23:59:00', 12713.16733),
	(3, '2015-12-16 23:59:00', 12919.89),
	(3, '2015-01-17 23:59:00', 8485.263667),
	(3, '2015-02-17 23:59:00', 8653.293667),
	(3, '2015-03-17 23:59:00', 8987.183667),
	(3, '2015-04-17 23:59:00', 9459.643667),
	(3, '2015-05-17 23:59:00', 10014.54367),
	(3, '2015-06-17 23:59:00', 10549.01367),
	(3, '2015-07-17 23:59:00', 11129.73367),
	(3, '2015-08-17 23:59:00', 11730.65367),
	(3, '2015-09-17 23:59:00', 12190.575),
	(3, '2015-10-17 23:59:00', 12518.85233),
	(3, '2015-11-17 23:59:00', 12720.80967),
	(3, '2015-12-17 23:59:00', 12923.89),
	(3, '2015-01-18 23:59:00', 8488.213667),
	(3, '2015-02-18 23:59:00', 8662.643667),
	(3, '2015-03-18 23:59:00', 9004.393667),
	(3, '2015-04-18 23:59:00', 9486.973667),
	(3, '2015-05-18 23:59:00', 10033.67367),
	(3, '2015-06-18 23:59:00', 10562.34367),
	(3, '2015-07-18 23:59:00', 11149.40367),
	(3, '2015-08-18 23:59:00', 11747.46367),
	(3, '2015-09-18 23:59:00', 12204.45633),
	(3, '2015-10-18 23:59:00', 12522.71233),
	(3, '2015-11-18 23:59:00', 12728.452),
	(3, '2015-12-18 23:59:00', 12931.75),
	(3, '2015-01-19 23:59:00', 8491.163667),
	(3, '2015-02-19 23:59:00', 8671.993667),
	(3, '2015-03-19 23:59:00', 9021.603667),
	(3, '2015-04-19 23:59:00', 9514.303667),
	(3, '2015-05-19 23:59:00', 10040.67367),
	(3, '2015-06-19 23:59:00', 10575.67367),
	(3, '2015-07-19 23:59:00', 11169.07367),
	(3, '2015-08-19 23:59:00', 11764.27367),
	(3, '2015-09-19 23:59:00', 12218.33767),
	(3, '2015-10-19 23:59:00', 12526.57233),
	(3, '2015-11-19 23:59:00', 12736.09433),
	(3, '2015-12-19 23:59:00', 12939.61),
	(3, '2015-01-20 23:59:00', 8494.113667),
	(3, '2015-02-20 23:59:00', 8681.343667),
	(3, '2015-03-20 23:59:00', 9033.103667),
	(3, '2015-04-20 23:59:00', 9541.633667),
	(3, '2015-05-20 23:59:00', 10047.67367),
	(3, '2015-06-20 23:59:00', 10591.42367),
	(3, '2015-07-20 23:59:00', 11188.74367),
	(3, '2015-08-20 23:59:00', 11781.08367),
	(3, '2015-09-20 23:59:00', 12232.219),
	(3, '2015-10-20 23:59:00', 12531.74233),
	(3, '2015-11-20 23:59:00', 12743.73667),
	(3, '2015-12-20 23:59:00', 12947.47),
	(3, '2015-01-21 23:59:00', 8497.063667),
	(3, '2015-02-21 23:59:00', 8690.693667),
	(3, '2015-03-21 23:59:00', 9044.603667),
	(3, '2015-04-21 23:59:00', 9565.383667),
	(3, '2015-05-21 23:59:00', 10062.27367),
	(3, '2015-06-21 23:59:00', 10607.17367),
	(3, '2015-07-21 23:59:00', 11208.54367),
	(3, '2015-08-21 23:59:00', 11797.89367),
	(3, '2015-09-21 23:59:00', 12246.10033),
	(3, '2015-10-21 23:59:00', 12536.91233),
	(3, '2015-11-21 23:59:00', 12751.379),
	(3, '2015-12-21 23:59:00', 12955.33),
	(3, '2015-01-22 23:59:00', 8500.013667),
	(3, '2015-02-22 23:59:00', 8700.043667),
	(3, '2015-03-22 23:59:00', 9056.103667),
	(3, '2015-04-22 23:59:00', 9589.133667),
	(3, '2015-05-22 23:59:00', 10076.87367),
	(3, '2015-06-22 23:59:00', 10622.92367),
	(3, '2015-07-22 23:59:00', 11228.34367),
	(3, '2015-08-22 23:59:00', 11814.70367),
	(3, '2015-09-22 23:59:00', 12259.98167),
	(3, '2015-10-22 23:59:00', 12542.08233),
	(3, '2015-11-22 23:59:00', 12759.02133),
	(3, '2015-12-22 23:59:00', 12963.19),
	(3, '2015-01-23 23:59:00', 8502.963667),
	(3, '2015-02-23 23:59:00', 8709.393667),
	(3, '2015-03-23 23:59:00', 9067.603667),
	(3, '2015-04-23 23:59:00', 9612.883667),
	(3, '2015-05-23 23:59:00', 10091.47367),
	(3, '2015-06-23 23:59:00', 10638.67367),
	(3, '2015-07-23 23:59:00', 11248.14367),
	(3, '2015-08-23 23:59:00', 11831.51367),
	(3, '2015-09-23 23:59:00', 12273.863),
	(3, '2015-10-23 23:59:00', 12547.25233),
	(3, '2015-11-23 23:59:00', 12766.66367),
	(3, '2015-12-23 23:59:00', 12971.05),
	(3, '2015-01-24 23:59:00', 8505.913667),
	(3, '2015-02-24 23:59:00', 8718.743667),
	(3, '2015-03-24 23:59:00', 9079.103667),
	(3, '2015-04-24 23:59:00', 9636.633667),
	(3, '2015-05-24 23:59:00', 10106.07367),
	(3, '2015-06-24 23:59:00', 10660.67367),
	(3, '2015-07-24 23:59:00', 11267.94367),
	(3, '2015-08-24 23:59:00', 11848.32367),
	(3, '2015-09-24 23:59:00', 12287.74433),
	(3, '2015-10-24 23:59:00', 12552.42233),
	(3, '2015-11-24 23:59:00', 12774.306),
	(3, '2015-12-24 23:59:00', 12978.91),
	(3, '2015-01-25 23:59:00', 8508.863667),
	(3, '2015-02-25 23:59:00', 8728.093667),
	(3, '2015-03-25 23:59:00', 9090.603667),
	(3, '2015-04-25 23:59:00', 9654.633667),
	(3, '2015-05-25 23:59:00', 10120.67367),
	(3, '2015-06-25 23:59:00', 10682.67367),
	(3, '2015-07-25 23:59:00', 11287.74367),
	(3, '2015-08-25 23:59:00', 11865.13367),
	(3, '2015-09-25 23:59:00', 12301.62567),
	(3, '2015-10-25 23:59:00', 12557.59233),
	(3, '2015-11-25 23:59:00', 12781.94833),
	(3, '2015-12-25 23:59:00', 12986.77),
	(3, '2015-01-26 23:59:00', 8511.813667),
	(3, '2015-02-26 23:59:00', 8737.443667),
	(3, '2015-03-26 23:59:00', 9102.103667),
	(3, '2015-04-26 23:59:00', 9672.633667),
	(3, '2015-05-26 23:59:00', 10139.17367),
	(3, '2015-06-26 23:59:00', 10702.67367),
	(3, '2015-07-26 23:59:00', 11306.14367),
	(3, '2015-08-26 23:59:00', 11881.94367),
	(3, '2015-09-26 23:59:00', 12315.507),
	(3, '2015-10-26 23:59:00', 12562.76233),
	(3, '2015-11-26 23:59:00', 12789.59067),
	(3, '2015-12-26 23:59:00', 12994.63),
	(3, '2015-01-27 23:59:00', 8514.763667),
	(3, '2015-02-27 23:59:00', 8746.793667),
	(3, '2015-03-27 23:59:00', 9113.603667),
	(3, '2015-04-27 23:59:00', 9690.633667),
	(3, '2015-05-27 23:59:00', 10157.67367),
	(3, '2015-06-27 23:59:00', 10722.67367),
	(3, '2015-07-27 23:59:00', 11324.54367),
	(3, '2015-08-27 23:59:00', 11898.75367),
	(3, '2015-09-27 23:59:00', 12329.38833),
	(3, '2015-10-27 23:59:00', 12567.93233),
	(3, '2015-11-27 23:59:00', 12797.233),
	(3, '2015-12-27 23:59:00', 13002.49),
	(3, '2015-01-28 23:59:00', 8517.713667),
	(3, '2015-02-28 23:59:00', 8756.143667),
	(3, '2015-03-28 23:59:00', 9125.103667),
	(3, '2015-04-28 23:59:00', 9708.633667),
	(3, '2015-05-28 23:59:00', 10176.17367),
	(3, '2015-06-28 23:59:00', 10742.67367),
	(3, '2015-07-28 23:59:00', 11342.94367),
	(3, '2015-08-28 23:59:00', 11913.48367),
	(3, '2015-09-28 23:59:00', 12343.26967),
	(3, '2015-10-28 23:59:00', 12573.10233),
	(3, '2015-11-28 23:59:00', 12804.87533),
	(3, '2015-12-28 23:59:00', 13010.35),
	(3, '2015-01-29 23:59:00', 8520.663667),
	(3, '2015-03-29 23:59:00', 9136.603667),
	(3, '2015-04-29 23:59:00', 9726.633667),
	(3, '2015-05-29 23:59:00', 10194.67367),
	(3, '2015-06-29 23:59:00', 10762.67367),
	(3, '2015-07-29 23:59:00', 11361.34367),
	(3, '2015-08-29 23:59:00', 11928.21367),
	(3, '2015-09-29 23:59:00', 12357.151),
	(3, '2015-10-29 23:59:00', 12578.27233),
	(3, '2015-11-29 23:59:00', 12812.51767),
	(3, '2015-12-29 23:59:00', 13018.21),
	(3, '2015-01-30 23:59:00', 8523.613667),
	(3, '2015-03-30 23:59:00', 9148.103667),
	(3, '2015-04-30 23:59:00', 9744.633667),
	(3, '2015-05-30 23:59:00', 10213.17367),
	(3, '2015-06-30 23:59:00', 10782.67367),
	(3, '2015-07-30 23:59:00', 11379.74367),
	(3, '2015-08-30 23:59:00', 11942.94367),
	(3, '2015-09-30 23:59:00', 12371.03233),
	(3, '2015-10-30 23:59:00', 12583.44233),
	(3, '2015-11-30 23:59:00', 12820.16),
	(3, '2015-12-30 23:59:00', 13026.07),
	(3, '2015-01-31 23:59:00', 8526.563667),
	(3, '2015-03-31 23:59:00', 9159.603667),
	(3, '2015-05-31 23:59:00', 10231.67367),
	(3, '2015-07-31 23:59:00', 11403.74367),
	(3, '2015-08-31 23:59:00', 11957.67367),
	(3, '2015-10-31 23:59:00', 12588.61233),
	(3, '2015-12-31 23:59:00', 13033.93),
	(3, '2014-01-01 23:59:00', 4081.098505),
	(3, '2014-02-01 23:59:00', 4215.378505),
	(3, '2014-03-01 23:59:00', 4491.718505),
	(3, '2014-04-01 23:59:00', 5008.818505),
	(3, '2014-05-01 23:59:00', 5467.998505),
	(3, '2014-06-01 23:59:00', 6002.998505),
	(3, '2014-07-01 23:59:00', 6623.998505),
	(3, '2014-08-01 23:59:00', 7138.868505),
	(3, '2014-09-01 23:59:00', 7610.713667),
	(3, '2014-10-01 23:59:00', 7964.503667),
	(3, '2014-11-01 23:59:00', 8220.133667),
	(3, '2014-12-01 23:59:00', 8343.123667),
	(3, '2014-01-02 23:59:00', 4086.098505),
	(3, '2014-02-02 23:59:00', 4222.038505),
	(3, '2014-03-02 23:59:00', 4500.118505),
	(3, '2014-04-02 23:59:00', 5026.418505),
	(3, '2014-05-02 23:59:00', 5474.498505),
	(3, '2014-06-02 23:59:00', 6020.998505),
	(3, '2014-07-02 23:59:00', 6640.998505),
	(3, '2014-08-02 23:59:00', 7154.223344),
	(3, '2014-09-02 23:59:00', 7621.913667),
	(3, '2014-10-02 23:59:00', 7973.503667),
	(3, '2014-11-02 23:59:00', 8229.763667),
	(3, '2014-12-02 23:59:00', 8344.903667),
	(3, '2014-01-03 23:59:00', 4091.098505),
	(3, '2014-02-03 23:59:00', 4228.698505),
	(3, '2014-03-03 23:59:00', 4508.518505),
	(3, '2014-04-03 23:59:00', 5044.018505),
	(3, '2014-05-03 23:59:00', 5480.998505),
	(3, '2014-06-03 23:59:00', 6038.998505),
	(3, '2014-07-03 23:59:00', 6659.158505),
	(3, '2014-08-03 23:59:00', 7169.578183),
	(3, '2014-09-03 23:59:00', 7633.113667),
	(3, '2014-10-03 23:59:00', 7982.503667),
	(3, '2014-11-03 23:59:00', 8239.393667),
	(3, '2014-12-03 23:59:00', 8346.683667),
	(3, '2014-01-04 23:59:00', 4096.098505),
	(3, '2014-02-04 23:59:00', 4235.358505),
	(3, '2014-03-04 23:59:00', 4516.918505),
	(3, '2014-04-04 23:59:00', 5061.618505),
	(3, '2014-05-04 23:59:00', 5502.998505),
	(3, '2014-06-04 23:59:00', 6056.998505),
	(3, '2014-07-04 23:59:00', 6677.318505),
	(3, '2014-08-04 23:59:00', 7184.933022),
	(3, '2014-09-04 23:59:00', 7644.313667),
	(3, '2014-10-04 23:59:00', 7991.503667),
	(3, '2014-11-04 23:59:00', 8249.023667),
	(3, '2014-12-04 23:59:00', 8348.463667),
	(3, '2014-01-05 23:59:00', 4101.098505),
	(3, '2014-02-05 23:59:00', 4242.018505),
	(3, '2014-03-05 23:59:00', 4525.318505),
	(3, '2014-04-05 23:59:00', 5079.218505),
	(3, '2014-05-05 23:59:00', 5524.998505),
	(3, '2014-06-05 23:59:00', 6074.998505),
	(3, '2014-07-05 23:59:00', 6695.478505),
	(3, '2014-08-05 23:59:00', 7200.28786),
	(3, '2014-09-05 23:59:00', 7655.513667),
	(3, '2014-10-05 23:59:00', 8000.503667),
	(3, '2014-11-05 23:59:00', 8258.653667),
	(3, '2014-12-05 23:59:00', 8350.243667),
	(3, '2014-01-06 23:59:00', 4106.098505),
	(3, '2014-02-06 23:59:00', 4248.678505),
	(3, '2014-03-06 23:59:00', 4544.318505),
	(3, '2014-04-06 23:59:00', 5094.718505),
	(3, '2014-05-06 23:59:00', 5546.998505),
	(3, '2014-06-06 23:59:00', 6092.998505),
	(3, '2014-07-06 23:59:00', 6713.638505),
	(3, '2014-08-06 23:59:00', 7215.642699),
	(3, '2014-09-06 23:59:00', 7666.713667),
	(3, '2014-10-06 23:59:00', 8009.503667),
	(3, '2014-11-06 23:59:00', 8268.283667),
	(3, '2014-12-06 23:59:00', 8352.023667),
	(3, '2014-01-07 23:59:00', 4111.098505),
	(3, '2014-02-07 23:59:00', 4255.338505),
	(3, '2014-03-07 23:59:00', 4563.318505),
	(3, '2014-04-07 23:59:00', 5110.218505),
	(3, '2014-05-07 23:59:00', 5553.998505),
	(3, '2014-06-07 23:59:00', 6118.998505),
	(3, '2014-07-07 23:59:00', 6731.798505),
	(3, '2014-08-07 23:59:00', 7230.997538),
	(3, '2014-09-07 23:59:00', 7677.913667),
	(3, '2014-10-07 23:59:00', 8017.503667),
	(3, '2014-11-07 23:59:00', 8277.913667),
	(3, '2014-12-07 23:59:00', 8353.803667),
	(3, '2014-01-08 23:59:00', 4119.098505),
	(3, '2014-02-08 23:59:00', 4262.088505),
	(3, '2014-03-08 23:59:00', 4584.818505),
	(3, '2014-04-08 23:59:00', 5125.718505),
	(3, '2014-05-08 23:59:00', 5571.998505),
	(3, '2014-06-08 23:59:00', 6144.998505),
	(3, '2014-07-08 23:59:00', 6749.958505),
	(3, '2014-08-08 23:59:00', 7246.352376),
	(3, '2014-09-08 23:59:00', 7689.113667),
	(3, '2014-10-08 23:59:00', 8026.503667),
	(3, '2014-11-08 23:59:00', 8287.543667),
	(3, '2014-12-08 23:59:00', 8355.583667),
	(3, '2014-01-09 23:59:00', 4127.098505),
	(3, '2014-02-09 23:59:00', 4268.838505),
	(3, '2014-03-09 23:59:00', 4606.318505),
	(3, '2014-04-09 23:59:00', 5141.218505),
	(3, '2014-05-09 23:59:00', 5585.998505),
	(3, '2014-06-09 23:59:00', 6167.998505),
	(3, '2014-07-09 23:59:00', 6760.618505),
	(3, '2014-08-09 23:59:00', 7261.707215),
	(3, '2014-09-09 23:59:00', 7700.313667),
	(3, '2014-10-09 23:59:00', 8035.503667),
	(3, '2014-11-09 23:59:00', 8289.543667),
	(3, '2014-12-09 23:59:00', 8357.363667),
	(3, '2014-01-10 23:59:00', 4132.598505),
	(3, '2014-02-10 23:59:00', 4275.588505),
	(3, '2014-03-10 23:59:00', 4628.318505),
	(3, '2014-04-10 23:59:00', 5156.718505),
	(3, '2014-05-10 23:59:00', 5599.998505),
	(3, '2014-06-10 23:59:00', 6190.998505),
	(3, '2014-07-10 23:59:00', 6771.278505),
	(3, '2014-08-10 23:59:00', 7277.062054),
	(3, '2014-09-10 23:59:00', 7711.513667),
	(3, '2014-10-10 23:59:00', 8044.503667),
	(3, '2014-11-10 23:59:00', 8291.543667),
	(3, '2014-12-10 23:59:00', 8359.143667),
	(3, '2014-01-11 23:59:00', 4138.098505),
	(3, '2014-02-11 23:59:00', 4282.338505),
	(3, '2014-03-11 23:59:00', 4650.318505),
	(3, '2014-04-11 23:59:00', 5172.218505),
	(3, '2014-05-11 23:59:00', 5613.998505),
	(3, '2014-06-11 23:59:00', 6213.998505),
	(3, '2014-07-11 23:59:00', 6781.938505),
	(3, '2014-08-11 23:59:00', 7292.416892),
	(3, '2014-09-11 23:59:00', 7722.713667),
	(3, '2014-10-11 23:59:00', 8053.503667),
	(3, '2014-11-11 23:59:00', 8293.543667),
	(3, '2014-12-11 23:59:00', 8360.923667),
	(3, '2014-01-12 23:59:00', 4147.098505),
	(3, '2014-02-12 23:59:00', 4291.338505),
	(3, '2014-03-12 23:59:00', 4672.318505),
	(3, '2014-04-12 23:59:00', 5187.718505),
	(3, '2014-05-12 23:59:00', 5627.998505),
	(3, '2014-06-12 23:59:00', 6236.998505),
	(3, '2014-07-12 23:59:00', 6798.938505),
	(3, '2014-08-12 23:59:00', 7307.771731),
	(3, '2014-09-12 23:59:00', 7733.913667),
	(3, '2014-10-12 23:59:00', 8062.503667),
	(3, '2014-11-12 23:59:00', 8295.543667),
	(3, '2014-12-12 23:59:00', 8362.703667),
	(3, '2014-01-13 23:59:00', 4156.098505),
	(3, '2014-02-13 23:59:00', 4300.338505),
	(3, '2014-03-13 23:59:00', 4694.318505),
	(3, '2014-04-13 23:59:00', 5203.218505),
	(3, '2014-05-13 23:59:00', 5642.998505),
	(3, '2014-06-13 23:59:00', 6259.998505),
	(3, '2014-07-13 23:59:00', 6815.938505),
	(3, '2014-08-13 23:59:00', 7323.12657),
	(3, '2014-09-13 23:59:00', 7745.113667),
	(3, '2014-10-13 23:59:00', 8069.503667),
	(3, '2014-11-13 23:59:00', 8297.543667),
	(3, '2014-12-13 23:59:00', 8364.483667),
	(3, '2014-01-14 23:59:00', 4159.098505),
	(3, '2014-02-14 23:59:00', 4309.338505),
	(3, '2014-03-14 23:59:00', 4716.318505),
	(3, '2014-04-14 23:59:00', 5213.878505),
	(3, '2014-05-14 23:59:00', 5657.998505),
	(3, '2014-06-14 23:59:00', 6282.998505),
	(3, '2014-07-14 23:59:00', 6832.938505),
	(3, '2014-08-14 23:59:00', 7338.481409),
	(3, '2014-09-14 23:59:00', 7756.313667),
	(3, '2014-10-14 23:59:00', 8076.503667),
	(3, '2014-11-14 23:59:00', 8299.543667),
	(3, '2014-12-14 23:59:00', 8367.113667),
	(3, '2014-01-15 23:59:00', 4162.098505),
	(3, '2014-02-15 23:59:00', 4318.338505),
	(3, '2014-03-15 23:59:00', 4729.618505),
	(3, '2014-04-15 23:59:00', 5224.538505),
	(3, '2014-05-15 23:59:00', 5672.998505),
	(3, '2014-06-15 23:59:00', 6305.998505),
	(3, '2014-07-15 23:59:00', 6849.938505),
	(3, '2014-08-15 23:59:00', 7353.836247),
	(3, '2014-09-15 23:59:00', 7767.513667),
	(3, '2014-10-15 23:59:00', 8083.503667),
	(3, '2014-11-15 23:59:00', 8301.543667),
	(3, '2014-12-15 23:59:00', 8369.743667),
	(3, '2014-01-16 23:59:00', 4165.098505),
	(3, '2014-02-16 23:59:00', 4327.338505),
	(3, '2014-03-16 23:59:00', 4742.918505),
	(3, '2014-04-16 23:59:00', 5235.198505),
	(3, '2014-05-16 23:59:00', 5696.998505),
	(3, '2014-06-16 23:59:00', 6329.998505),
	(3, '2014-07-16 23:59:00', 6866.938505),
	(3, '2014-08-16 23:59:00', 7369.191086),
	(3, '2014-09-16 23:59:00', 7774.843667),
	(3, '2014-10-16 23:59:00', 8090.503667),
	(3, '2014-11-16 23:59:00', 8305.543667),
	(3, '2014-12-16 23:59:00', 8372.373667),
	(3, '2014-01-17 23:59:00', 4167.098505),
	(3, '2014-02-17 23:59:00', 4335.838505),
	(3, '2014-03-17 23:59:00', 4756.218505),
	(3, '2014-04-17 23:59:00', 5250.198505),
	(3, '2014-05-17 23:59:00', 5720.998505),
	(3, '2014-06-17 23:59:00', 6349.998505),
	(3, '2014-07-17 23:59:00', 6888.938505),
	(3, '2014-08-17 23:59:00', 7384.545925),
	(3, '2014-09-17 23:59:00', 7782.173667),
	(3, '2014-10-17 23:59:00', 8099.803667),
	(3, '2014-11-17 23:59:00', 8309.543667),
	(3, '2014-12-17 23:59:00', 8375.003667),
	(3, '2014-01-18 23:59:00', 4168.098505),
	(3, '2014-02-18 23:59:00', 4344.338505),
	(3, '2014-03-18 23:59:00', 4769.518505),
	(3, '2014-04-18 23:59:00', 5265.198505),
	(3, '2014-05-18 23:59:00', 5741.998505),
	(3, '2014-06-18 23:59:00', 6369.998505),
	(3, '2014-07-18 23:59:00', 6910.938505),
	(3, '2014-08-18 23:59:00', 7399.900763),
	(3, '2014-09-18 23:59:00', 7789.503667),
	(3, '2014-10-18 23:59:00', 8109.103667),
	(3, '2014-11-18 23:59:00', 8313.543667),
	(3, '2014-12-18 23:59:00', 8377.633667),
	(3, '2014-01-19 23:59:00', 4169.098505),
	(3, '2014-02-19 23:59:00', 4352.838505),
	(3, '2014-03-19 23:59:00', 4782.818505),
	(3, '2014-04-19 23:59:00', 5280.198505),
	(3, '2014-05-19 23:59:00', 5762.998505),
	(3, '2014-06-19 23:59:00', 6389.998505),
	(3, '2014-07-19 23:59:00', 6932.938505),
	(3, '2014-08-19 23:59:00', 7415.255602),
	(3, '2014-09-19 23:59:00', 7811.503667),
	(3, '2014-10-19 23:59:00', 8118.403667),
	(3, '2014-11-19 23:59:00', 8316.243667),
	(3, '2014-12-19 23:59:00', 8380.263667),
	(3, '2014-01-20 23:59:00', 4170.098505),
	(3, '2014-02-20 23:59:00', 4361.338505),
	(3, '2014-03-20 23:59:00', 4796.218505),
	(3, '2014-04-20 23:59:00', 5295.198505),
	(3, '2014-05-20 23:59:00', 5783.998505),
	(3, '2014-06-20 23:59:00', 6409.998505),
	(3, '2014-07-20 23:59:00', 6954.938505),
	(3, '2014-08-20 23:59:00', 7430.610441),
	(3, '2014-09-20 23:59:00', 7833.503667),
	(3, '2014-10-20 23:59:00', 8127.703667),
	(3, '2014-11-20 23:59:00', 8318.943667),
	(3, '2014-12-20 23:59:00', 8382.893667),
	(3, '2014-01-21 23:59:00', 4171.098505),
	(3, '2014-02-21 23:59:00', 4376.838505),
	(3, '2014-03-21 23:59:00', 4809.218505),
	(3, '2014-04-21 23:59:00', 5310.198505),
	(3, '2014-05-21 23:59:00', 5804.998505),
	(3, '2014-06-21 23:59:00', 6429.998505),
	(3, '2014-07-21 23:59:00', 6971.098505),
	(3, '2014-08-21 23:59:00', 7445.96528),
	(3, '2014-09-21 23:59:00', 7855.503667),
	(3, '2014-10-21 23:59:00', 8137.003667),
	(3, '2014-11-21 23:59:00', 8321.643667),
	(3, '2014-12-21 23:59:00', 8392.893667),
	(3, '2014-01-22 23:59:00', 4173.098505),
	(3, '2014-02-22 23:59:00', 4392.338505),
	(3, '2014-03-22 23:59:00', 4821.218505),
	(3, '2014-04-22 23:59:00', 5332.198505),
	(3, '2014-05-22 23:59:00', 5825.998505),
	(3, '2014-06-22 23:59:00', 6449.998505),
	(3, '2014-07-22 23:59:00', 6987.258505),
	(3, '2014-08-22 23:59:00', 7461.320118),
	(3, '2014-09-22 23:59:00', 7862.503667),
	(3, '2014-10-22 23:59:00', 8146.303667),
	(3, '2014-11-22 23:59:00', 8324.343667),
	(3, '2014-12-22 23:59:00', 8402.893667),
	(3, '2014-01-23 23:59:00', 4175.598505),
	(3, '2014-02-23 23:59:00', 4407.838505),
	(3, '2014-03-23 23:59:00', 4834.218505),
	(3, '2014-04-23 23:59:00', 5354.198505),
	(3, '2014-05-23 23:59:00', 5846.998505),
	(3, '2014-06-23 23:59:00', 6469.998505),
	(3, '2014-07-23 23:59:00', 7003.418505),
	(3, '2014-08-23 23:59:00', 7476.674957),
	(3, '2014-09-23 23:59:00', 7875.003667),
	(3, '2014-10-23 23:59:00', 8155.603667),
	(3, '2014-11-23 23:59:00', 8327.043667),
	(3, '2014-12-23 23:59:00', 8406.823667),
	(3, '2014-01-24 23:59:00', 4178.898505),
	(3, '2014-02-24 23:59:00', 4423.338505),
	(3, '2014-03-24 23:59:00', 4847.218505),
	(3, '2014-04-24 23:59:00', 5376.198505),
	(3, '2014-05-24 23:59:00', 5867.998505),
	(3, '2014-06-24 23:59:00', 6489.998505),
	(3, '2014-07-24 23:59:00', 7019.578505),
	(3, '2014-08-24 23:59:00', 7492.029796),
	(3, '2014-09-24 23:59:00', 7887.503667),
	(3, '2014-10-24 23:59:00', 8164.903667),
	(3, '2014-11-24 23:59:00', 8329.743667),
	(3, '2014-12-24 23:59:00', 8410.753667),
	(3, '2014-01-25 23:59:00', 4182.198505),
	(3, '2014-02-25 23:59:00', 4442.338505),
	(3, '2014-03-25 23:59:00', 4860.218505),
	(3, '2014-04-25 23:59:00', 5398.198505),
	(3, '2014-05-25 23:59:00', 5889.998505),
	(3, '2014-06-25 23:59:00', 6509.998505),
	(3, '2014-07-25 23:59:00', 7035.738505),
	(3, '2014-08-25 23:59:00', 7507.384634),
	(3, '2014-09-25 23:59:00', 7900.003667),
	(3, '2014-10-25 23:59:00', 8174.203667),
	(3, '2014-11-25 23:59:00', 8332.443667),
	(3, '2014-12-25 23:59:00', 8414.683667),
	(3, '2014-01-26 23:59:00', 4185.498505),
	(3, '2014-02-26 23:59:00', 4455.998505),
	(3, '2014-03-26 23:59:00', 4883.468505),
	(3, '2014-04-26 23:59:00', 5415.198505),
	(3, '2014-05-26 23:59:00', 5905.998505),
	(3, '2014-06-26 23:59:00', 6529.998505),
	(3, '2014-07-26 23:59:00', 7051.898505),
	(3, '2014-08-26 23:59:00', 7522.739473),
	(3, '2014-09-26 23:59:00', 7912.503667),
	(3, '2014-10-26 23:59:00', 8183.503667),
	(3, '2014-11-26 23:59:00', 8334.223667),
	(3, '2014-12-26 23:59:00', 8418.613667),
	(3, '2014-01-27 23:59:00', 4188.798505),
	(3, '2014-02-27 23:59:00', 4469.658505),
	(3, '2014-03-27 23:59:00', 4906.718505),
	(3, '2014-04-27 23:59:00', 5418.198505),
	(3, '2014-05-27 23:59:00', 5921.998505),
	(3, '2014-06-27 23:59:00', 6549.998505),
	(3, '2014-07-27 23:59:00', 7062.848505),
	(3, '2014-08-27 23:59:00', 7538.094312),
	(3, '2014-09-27 23:59:00', 7925.003667),
	(3, '2014-10-27 23:59:00', 8186.003667),
	(3, '2014-11-27 23:59:00', 8336.003667),
	(3, '2014-12-27 23:59:00', 8422.543667),
	(3, '2014-01-28 23:59:00', 4192.098505),
	(3, '2014-02-28 23:59:00', 4483.318505),
	(3, '2014-03-28 23:59:00', 4929.968505),
	(3, '2014-04-28 23:59:00', 5424.198505),
	(3, '2014-05-28 23:59:00', 5937.998505),
	(3, '2014-06-28 23:59:00', 6569.998505),
	(3, '2014-07-28 23:59:00', 7073.798505),
	(3, '2014-08-28 23:59:00', 7553.449151),
	(3, '2014-09-28 23:59:00', 7937.503667),
	(3, '2014-10-28 23:59:00', 8188.503667),
	(3, '2014-11-28 23:59:00', 8337.783667),
	(3, '2014-12-28 23:59:00', 8422.543667),
	(3, '2014-01-29 23:59:00', 4195.398505),
	(3, '2014-03-29 23:59:00', 4953.218505),
	(3, '2014-04-29 23:59:00', 5438.798505),
	(3, '2014-05-29 23:59:00', 5953.998505),
	(3, '2014-06-29 23:59:00', 6589.998505),
	(3, '2014-07-29 23:59:00', 7084.748505),
	(3, '2014-08-29 23:59:00', 7568.803989),
	(3, '2014-09-29 23:59:00', 7946.503667),
	(3, '2014-10-29 23:59:00', 8194.503667),
	(3, '2014-11-29 23:59:00', 8339.563667),
	(3, '2014-12-29 23:59:00', 8422.543667),
	(3, '2014-01-30 23:59:00', 4202.058505),
	(3, '2014-03-30 23:59:00', 4976.218505),
	(3, '2014-04-30 23:59:00', 5453.398505),
	(3, '2014-05-30 23:59:00', 5969.998505),
	(3, '2014-06-30 23:59:00', 6606.998505),
	(3, '2014-07-30 23:59:00', 7095.698505),
	(3, '2014-08-30 23:59:00', 7584.158828),
	(3, '2014-09-30 23:59:00', 7955.503667),
	(3, '2014-10-30 23:59:00', 8200.503667),
	(3, '2014-11-30 23:59:00', 8341.343667),
	(3, '2014-12-30 23:59:00', 8422.543667),
	(3, '2014-01-31 23:59:00', 4208.718505),
	(3, '2014-03-31 23:59:00', 4991.218505),
	(3, '2014-05-31 23:59:00', 5985.998505),
	(3, '2014-07-31 23:59:00', 7119.698505),
	(3, '2014-08-31 23:59:00', 7599.513667),
	(3, '2014-10-31 23:59:00', 8210.503667),
	(3, '2014-12-31 23:59:00', 8422.543667),
	(1, '2016-11-14 23:59:03', 3369.2668),
	(3, '2013-01-01 23:59:00', 3.779838333),
	(3, '2013-02-01 23:59:00', 92.27983833),
	(3, '2013-03-01 23:59:00', 209.7798383),
	(3, '2013-04-01 23:59:00', 539.3798383),
	(3, '2013-05-01 23:59:00', 924.8398383),
	(3, '2013-06-01 23:59:00', 1360.249838),
	(3, '2013-07-01 23:59:00', 1886.539838),
	(3, '2013-08-01 23:59:00', 2558.439838),
	(3, '2013-09-01 23:59:00', 3091.549838),
	(3, '2013-10-01 23:59:00', 3496.484838),
	(3, '2013-11-01 23:59:00', 3761.494838),
	(3, '2013-12-01 23:59:00', 3893.618505),
	(3, '2013-01-02 23:59:00', 6.679838333),
	(3, '2013-02-02 23:59:00', 94.27983833),
	(3, '2013-03-02 23:59:00', 222.7798383),
	(3, '2013-04-02 23:59:00', 545.9798383),
	(3, '2013-05-02 23:59:00', 940.2198383),
	(3, '2013-06-02 23:59:00', 1379.879838),
	(3, '2013-07-02 23:59:00', 1904.089838),
	(3, '2013-08-02 23:59:00', 2579.939838),
	(3, '2013-09-02 23:59:00', 3105.274838),
	(3, '2013-10-02 23:59:00', 3503.394838),
	(3, '2013-11-02 23:59:00', 3765.861172),
	(3, '2013-12-02 23:59:00', 3899.118505),
	(3, '2013-01-03 23:59:00', 9.579838333),
	(3, '2013-02-03 23:59:00', 96.27983833),
	(3, '2013-03-03 23:59:00', 235.7798383),
	(3, '2013-04-03 23:59:00', 552.5798383),
	(3, '2013-05-03 23:59:00', 955.5998383),
	(3, '2013-06-03 23:59:00', 1399.509838),
	(3, '2013-07-03 23:59:00', 1921.639838),
	(3, '2013-08-03 23:59:00', 2601.439838),
	(3, '2013-09-03 23:59:00', 3118.999838),
	(3, '2013-10-03 23:59:00', 3510.304838),
	(3, '2013-11-03 23:59:00', 3770.227505),
	(3, '2013-12-03 23:59:00', 3902.778505),
	(3, '2013-01-04 23:59:00', 12.47983833),
	(3, '2013-02-04 23:59:00', 97.27983833),
	(3, '2013-03-04 23:59:00', 249.7798383),
	(3, '2013-04-04 23:59:00', 563.0798383),
	(3, '2013-05-04 23:59:00', 970.9798383),
	(3, '2013-06-04 23:59:00', 1419.139838),
	(3, '2013-07-04 23:59:00', 1939.189838),
	(3, '2013-08-04 23:59:00', 2620.139838),
	(3, '2013-09-04 23:59:00', 3132.724838),
	(3, '2013-10-04 23:59:00', 3517.214838),
	(3, '2013-11-04 23:59:00', 3774.593838),
	(3, '2013-12-04 23:59:00', 3906.438505),
	(3, '2013-01-05 23:59:00', 15.37983833),
	(3, '2013-02-05 23:59:00', 103.2798383),
	(3, '2013-03-05 23:59:00', 264.2798383),
	(3, '2013-04-05 23:59:00', 573.5798383),
	(3, '2013-05-05 23:59:00', 986.3598383),
	(3, '2013-06-05 23:59:00', 1438.769838),
	(3, '2013-07-05 23:59:00', 1956.739838),
	(3, '2013-08-05 23:59:00', 2643.139838),
	(3, '2013-09-05 23:59:00', 3146.449838),
	(3, '2013-10-05 23:59:00', 3524.124838),
	(3, '2013-11-05 23:59:00', 3778.960172),
	(3, '2013-12-05 23:59:00', 3910.098505),
	(3, '2013-01-06 23:59:00', 18.27983833),
	(3, '2013-02-06 23:59:00', 105.2798383),
	(3, '2013-03-06 23:59:00', 278.7798383),
	(3, '2013-04-06 23:59:00', 583.5798383),
	(3, '2013-05-06 23:59:00', 1001.739838),
	(3, '2013-06-06 23:59:00', 1458.399838),
	(3, '2013-07-06 23:59:00', 1974.289838),
	(3, '2013-08-06 23:59:00', 2666.139838),
	(3, '2013-09-06 23:59:00', 3160.174838),
	(3, '2013-10-06 23:59:00', 3531.034838),
	(3, '2013-11-06 23:59:00', 3783.326505),
	(3, '2013-12-06 23:59:00', 3914.598505),
	(3, '2013-01-07 23:59:00', 21.17983833),
	(3, '2013-02-07 23:59:00', 106.2798383),
	(3, '2013-03-07 23:59:00', 293.2798383),
	(3, '2013-04-07 23:59:00', 593.0798383),
	(3, '2013-05-07 23:59:00', 1017.119838),
	(3, '2013-06-07 23:59:00', 1478.029838),
	(3, '2013-07-07 23:59:00', 1996.289838),
	(3, '2013-08-07 23:59:00', 2684.339838),
	(3, '2013-09-07 23:59:00', 3173.899838),
	(3, '2013-10-07 23:59:00', 3537.944838),
	(3, '2013-11-07 23:59:00', 3787.692838),
	(3, '2013-12-07 23:59:00', 3919.098505),
	(3, '2013-01-08 23:59:00', 24.07983833),
	(3, '2013-02-08 23:59:00', 108.2798383),
	(3, '2013-03-08 23:59:00', 307.7798383),
	(3, '2013-04-08 23:59:00', 603.0798383),
	(3, '2013-05-08 23:59:00', 1032.499838),
	(3, '2013-06-08 23:59:00', 1497.659838),
	(3, '2013-07-08 23:59:00', 2020.469838),
	(3, '2013-08-08 23:59:00', 2702.539838),
	(3, '2013-09-08 23:59:00', 3187.624838),
	(3, '2013-10-08 23:59:00', 3544.854838),
	(3, '2013-11-08 23:59:00', 3792.059172),
	(3, '2013-12-08 23:59:00', 3923.598505),
	(3, '2013-01-09 23:59:00', 26.97983833),
	(3, '2013-02-09 23:59:00', 109.2798383),
	(3, '2013-03-09 23:59:00', 322.2798383),
	(3, '2013-04-09 23:59:00', 618.0798383),
	(3, '2013-05-09 23:59:00', 1047.879838),
	(3, '2013-06-09 23:59:00', 1517.289838),
	(3, '2013-07-09 23:59:00', 2044.649838),
	(3, '2013-08-09 23:59:00', 2720.739838),
	(3, '2013-09-09 23:59:00', 3201.349838),
	(3, '2013-10-09 23:59:00', 3551.764838),
	(3, '2013-11-09 23:59:00', 3796.425505),
	(3, '2013-12-09 23:59:00', 3928.098505),
	(3, '2013-01-10 23:59:00', 29.87983833),
	(3, '2013-02-10 23:59:00', 110.2798383),
	(3, '2013-03-10 23:59:00', 336.7798383),
	(3, '2013-04-10 23:59:00', 628.3798383),
	(3, '2013-05-10 23:59:00', 1054.879838),
	(3, '2013-06-10 23:59:00', 1536.919838),
	(3, '2013-07-10 23:59:00', 2068.829838),
	(3, '2013-08-10 23:59:00', 2738.939838),
	(3, '2013-09-10 23:59:00', 3215.074838),
	(3, '2013-10-10 23:59:00', 3558.674838),
	(3, '2013-11-10 23:59:00', 3800.791838),
	(3, '2013-12-10 23:59:00', 3934.098505),
	(3, '2013-01-11 23:59:00', 32.77983833),
	(3, '2013-02-11 23:59:00', 114.2798383),
	(3, '2013-03-11 23:59:00', 339.7798383),
	(3, '2013-04-11 23:59:00', 638.6798383),
	(3, '2013-05-11 23:59:00', 1068.979838),
	(3, '2013-06-11 23:59:00', 1556.549838),
	(3, '2013-07-11 23:59:00', 2093.009838),
	(3, '2013-08-11 23:59:00', 2757.139838),
	(3, '2013-09-11 23:59:00', 3228.799838),
	(3, '2013-10-11 23:59:00', 3565.584838),
	(3, '2013-11-11 23:59:00', 3805.158172),
	(3, '2013-12-11 23:59:00', 3940.098505),
	(3, '2013-01-12 23:59:00', 35.67983833),
	(3, '2013-02-12 23:59:00', 119.2798383),
	(3, '2013-03-12 23:59:00', 342.7798383),
	(3, '2013-04-12 23:59:00', 648.9798383),
	(3, '2013-05-12 23:59:00', 1083.079838),
	(3, '2013-06-12 23:59:00', 1576.179838),
	(3, '2013-07-12 23:59:00', 2117.189838),
	(3, '2013-08-12 23:59:00', 2775.339838),
	(3, '2013-09-12 23:59:00', 3242.524838),
	(3, '2013-10-12 23:59:00', 3572.494838),
	(3, '2013-11-12 23:59:00', 3809.524505),
	(3, '2013-12-12 23:59:00', 3943.098505),
	(3, '2013-01-13 23:59:00', 38.57983833),
	(3, '2013-02-13 23:59:00', 121.4798383),
	(3, '2013-03-13 23:59:00', 345.7798383),
	(3, '2013-04-13 23:59:00', 652.1398383),
	(3, '2013-05-13 23:59:00', 1097.179838),
	(3, '2013-06-13 23:59:00', 1595.809838),
	(3, '2013-07-13 23:59:00', 2141.369838),
	(3, '2013-08-13 23:59:00', 2793.539838),
	(3, '2013-09-13 23:59:00', 3256.249838),
	(3, '2013-10-13 23:59:00', 3581.494838),
	(3, '2013-11-13 23:59:00', 3813.890838),
	(3, '2013-12-13 23:59:00', 3947.098505),
	(3, '2013-01-14 23:59:00', 41.47983833),
	(3, '2013-02-14 23:59:00', 123.6798383),
	(3, '2013-03-14 23:59:00', 354.7798383),
	(3, '2013-04-14 23:59:00', 655.2998383),
	(3, '2013-05-14 23:59:00', 1111.279838),
	(3, '2013-06-14 23:59:00', 1615.439838),
	(3, '2013-07-14 23:59:00', 2165.549838),
	(3, '2013-08-14 23:59:00', 2811.739838),
	(3, '2013-09-14 23:59:00', 3269.974838),
	(3, '2013-10-14 23:59:00', 3590.494838),
	(3, '2013-11-14 23:59:00', 3818.257172),
	(3, '2013-12-14 23:59:00', 3952.098505),
	(3, '2013-01-15 23:59:00', 44.37983833),
	(3, '2013-02-15 23:59:00', 125.8798383),
	(3, '2013-03-15 23:59:00', 370.7798383),
	(3, '2013-04-15 23:59:00', 658.4598383),
	(3, '2013-05-15 23:59:00', 1125.379838),
	(3, '2013-06-15 23:59:00', 1635.069838),
	(3, '2013-07-15 23:59:00', 2189.729838),
	(3, '2013-08-15 23:59:00', 2829.939838),
	(3, '2013-09-15 23:59:00', 3283.699838),
	(3, '2013-10-15 23:59:00', 3605.494838),
	(3, '2013-11-15 23:59:00', 3822.623505),
	(3, '2013-12-15 23:59:00', 3960.598505),
	(3, '2013-01-16 23:59:00', 47.27983833),
	(3, '2013-02-16 23:59:00', 128.0798383),
	(3, '2013-03-16 23:59:00', 393.7798383),
	(3, '2013-04-16 23:59:00', 661.6198383),
	(3, '2013-05-16 23:59:00', 1139.479838),
	(3, '2013-06-16 23:59:00', 1654.699838),
	(3, '2013-07-16 23:59:00', 2213.909838),
	(3, '2013-08-16 23:59:00', 2848.139838),
	(3, '2013-09-16 23:59:00', 3297.424838),
	(3, '2013-10-16 23:59:00', 3609.494838),
	(3, '2013-11-16 23:59:00', 3826.989838),
	(3, '2013-12-16 23:59:00', 3969.098505),
	(3, '2013-01-17 23:59:00', 50.17983833),
	(3, '2013-02-17 23:59:00', 130.2798383),
	(3, '2013-03-17 23:59:00', 406.7798383),
	(3, '2013-04-17 23:59:00', 664.7798383),
	(3, '2013-05-17 23:59:00', 1153.579838),
	(3, '2013-06-17 23:59:00', 1674.329838),
	(3, '2013-07-17 23:59:00', 2238.089838),
	(3, '2013-08-17 23:59:00', 2866.339838),
	(3, '2013-09-17 23:59:00', 3311.149838),
	(3, '2013-10-17 23:59:00', 3623.494838),
	(3, '2013-11-17 23:59:00', 3831.356172),
	(3, '2013-12-17 23:59:00', 3981.098505),
	(3, '2013-01-18 23:59:00', 53.07983833),
	(3, '2013-02-18 23:59:00', 136.2798383),
	(3, '2013-03-18 23:59:00', 417.9798383),
	(3, '2013-04-18 23:59:00', 667.9398383),
	(3, '2013-05-18 23:59:00', 1179.579838),
	(3, '2013-06-18 23:59:00', 1693.959838),
	(3, '2013-07-18 23:59:00', 2262.269838),
	(3, '2013-08-18 23:59:00', 2884.539838),
	(3, '2013-09-18 23:59:00', 3324.874838),
	(3, '2013-10-18 23:59:00', 3637.494838),
	(3, '2013-11-18 23:59:00', 3835.722505),
	(3, '2013-12-18 23:59:00', 3984.698505),
	(3, '2013-01-19 23:59:00', 55.97983833),
	(3, '2013-02-19 23:59:00', 142.2798383),
	(3, '2013-03-19 23:59:00', 429.1798383),
	(3, '2013-04-19 23:59:00', 694.9398383),
	(3, '2013-05-19 23:59:00', 1190.709838),
	(3, '2013-06-19 23:59:00', 1713.589838),
	(3, '2013-07-19 23:59:00', 2285.929838),
	(3, '2013-08-19 23:59:00', 2902.739838),
	(3, '2013-09-19 23:59:00', 3338.599838),
	(3, '2013-10-19 23:59:00', 3651.494838),
	(3, '2013-11-19 23:59:00', 3840.088838),
	(3, '2013-12-19 23:59:00', 3988.298505),
	(3, '2013-01-20 23:59:00', 58.87983833),
	(3, '2013-02-20 23:59:00', 148.2798383),
	(3, '2013-03-20 23:59:00', 440.3798383),
	(3, '2013-04-20 23:59:00', 721.9398383),
	(3, '2013-05-20 23:59:00', 1201.839838),
	(3, '2013-06-20 23:59:00', 1726.339838),
	(3, '2013-07-20 23:59:00', 2309.589838),
	(3, '2013-08-20 23:59:00', 2920.939838),
	(3, '2013-09-20 23:59:00', 3352.324838),
	(3, '2013-10-20 23:59:00', 3660.994838),
	(3, '2013-11-20 23:59:00', 3844.455172),
	(3, '2013-12-20 23:59:00', 3991.898505),
	(3, '2013-01-21 23:59:00', 61.77983833),
	(3, '2013-02-21 23:59:00', 154.2798383),
	(3, '2013-03-21 23:59:00', 451.5798383),
	(3, '2013-04-21 23:59:00', 748.9398383),
	(3, '2013-05-21 23:59:00', 1212.969838),
	(3, '2013-06-21 23:59:00', 1736.839838),
	(3, '2013-07-21 23:59:00', 2333.249838),
	(3, '2013-08-21 23:59:00', 2942.239838),
	(3, '2013-09-21 23:59:00', 3366.049838),
	(3, '2013-10-21 23:59:00', 3670.494838),
	(3, '2013-11-21 23:59:00', 3848.821505),
	(3, '2013-12-21 23:59:00', 3995.498505),
	(3, '2013-01-22 23:59:00', 64.67983833),
	(3, '2013-02-22 23:59:00', 161.2798383),
	(3, '2013-03-22 23:59:00', 461.1798383),
	(3, '2013-04-22 23:59:00', 775.9398383),
	(3, '2013-05-22 23:59:00', 1224.099838),
	(3, '2013-06-22 23:59:00', 1747.339838),
	(3, '2013-07-22 23:59:00', 2358.249838),
	(3, '2013-08-22 23:59:00', 2963.539838),
	(3, '2013-09-22 23:59:00', 3379.774838),
	(3, '2013-10-22 23:59:00', 3679.994838),
	(3, '2013-11-22 23:59:00', 3853.187838),
	(3, '2013-12-22 23:59:00', 3999.098505),
	(3, '2013-01-23 23:59:00', 67.57983833),
	(3, '2013-02-23 23:59:00', 168.2798383),
	(3, '2013-03-23 23:59:00', 470.7798383),
	(3, '2013-04-23 23:59:00', 802.9398383),
	(3, '2013-05-23 23:59:00', 1235.229838),
	(3, '2013-06-23 23:59:00', 1757.839838),
	(3, '2013-07-23 23:59:00', 2378.749838),
	(3, '2013-08-23 23:59:00', 2984.839838),
	(3, '2013-09-23 23:59:00', 3393.499838),
	(3, '2013-10-23 23:59:00', 3689.494838),
	(3, '2013-11-23 23:59:00', 3857.554172),
	(3, '2013-12-23 23:59:00', 4006.498505),
	(3, '2013-01-24 23:59:00', 70.47983833),
	(3, '2013-02-24 23:59:00', 175.2798383),
	(3, '2013-03-24 23:59:00', 480.3798383),
	(3, '2013-04-24 23:59:00', 823.6898383),
	(3, '2013-05-24 23:59:00', 1246.359838),
	(3, '2013-06-24 23:59:00', 1768.339838),
	(3, '2013-07-24 23:59:00', 2399.249838),
	(3, '2013-08-24 23:59:00', 3002.839838),
	(3, '2013-09-24 23:59:00', 3407.224838),
	(3, '2013-10-24 23:59:00', 3698.994838),
	(3, '2013-11-24 23:59:00', 3861.920505),
	(3, '2013-12-24 23:59:00', 4013.898505),
	(3, '2013-01-25 23:59:00', 73.37983833),
	(3, '2013-02-25 23:59:00', 179.6798383),
	(3, '2013-03-25 23:59:00', 489.9798383),
	(3, '2013-04-25 23:59:00', 844.4398383),
	(3, '2013-05-25 23:59:00', 1257.489838),
	(3, '2013-06-25 23:59:00', 1784.339838),
	(3, '2013-07-25 23:59:00', 2418.849838),
	(3, '2013-08-25 23:59:00', 3015.439838),
	(3, '2013-09-25 23:59:00', 3420.949838),
	(3, '2013-10-25 23:59:00', 3708.494838),
	(3, '2013-11-25 23:59:00', 3866.286838),
	(3, '2013-12-25 23:59:00', 4021.298505),
	(3, '2013-01-26 23:59:00', 76.27983833),
	(3, '2013-02-26 23:59:00', 184.0798383),
	(3, '2013-03-26 23:59:00', 499.5798383),
	(3, '2013-04-26 23:59:00', 865.1898383),
	(3, '2013-05-26 23:59:00', 1268.619838),
	(3, '2013-06-26 23:59:00', 1800.339838),
	(3, '2013-07-26 23:59:00', 2438.449838),
	(3, '2013-08-26 23:59:00', 3028.039838),
	(3, '2013-09-26 23:59:00', 3434.674838),
	(3, '2013-10-26 23:59:00', 3717.994838),
	(3, '2013-11-26 23:59:00', 3870.653172),
	(3, '2013-12-26 23:59:00', 4028.698505),
	(3, '2013-01-27 23:59:00', 79.17983833),
	(3, '2013-02-27 23:59:00', 190.6798383),
	(3, '2013-03-27 23:59:00', 499.5798383),
	(3, '2013-04-27 23:59:00', 885.9398383),
	(3, '2013-05-27 23:59:00', 1283.019838),
	(3, '2013-06-27 23:59:00', 1816.339838),
	(3, '2013-07-27 23:59:00', 2458.049838),
	(3, '2013-08-27 23:59:00', 3040.639838),
	(3, '2013-09-27 23:59:00', 3448.399838),
	(3, '2013-10-27 23:59:00', 3727.494838),
	(3, '2013-11-27 23:59:00', 3875.019505),
	(3, '2013-12-27 23:59:00', 4036.098505),
	(3, '2013-01-28 23:59:00', 82.07983833),
	(3, '2013-02-28 23:59:00', 197.2798383),
	(3, '2013-03-28 23:59:00', 509.5798383),
	(3, '2013-04-28 23:59:00', 893.2398383),
	(3, '2013-05-28 23:59:00', 1297.419838),
	(3, '2013-06-28 23:59:00', 1833.889838),
	(3, '2013-07-28 23:59:00', 2477.649838),
	(3, '2013-08-28 23:59:00', 3053.239838),
	(3, '2013-09-28 23:59:00', 3462.124838),
	(3, '2013-10-28 23:59:00', 3740.494838),
	(3, '2013-11-28 23:59:00', 3879.385838),
	(3, '2013-12-28 23:59:00', 4046.098505),
	(3, '2013-01-29 23:59:00', 84.97983833),
	(3, '2013-03-29 23:59:00', 519.5798383),
	(3, '2013-04-29 23:59:00', 900.5398383),
	(3, '2013-05-29 23:59:00', 1311.819838),
	(3, '2013-06-29 23:59:00', 1851.439838),
	(3, '2013-07-29 23:59:00', 2497.249838),
	(3, '2013-08-29 23:59:00', 3065.839838),
	(3, '2013-09-29 23:59:00', 3475.849838),
	(3, '2013-10-29 23:59:00', 3745.744838),
	(3, '2013-11-29 23:59:00', 3883.752172),
	(3, '2013-12-29 23:59:00', 4050.098505),
	(3, '2013-01-30 23:59:00', 87.87983833),
	(3, '2013-03-30 23:59:00', 526.1798383),
	(3, '2013-04-30 23:59:00', 907.8398383),
	(3, '2013-05-30 23:59:00', 1326.219838),
	(3, '2013-06-30 23:59:00', 1868.989838),
	(3, '2013-07-30 23:59:00', 2515.249838),
	(3, '2013-08-30 23:59:00', 3074.409838),
	(3, '2013-09-30 23:59:00', 3489.574838),
	(3, '2013-10-30 23:59:00', 3750.994838),
	(3, '2013-11-30 23:59:00', 3888.118505),
	(3, '2013-12-30 23:59:00', 4063.098505),
	(3, '2013-01-31 23:59:00', 90.77983833),
	(3, '2013-03-31 23:59:00', 532.7798383),
	(3, '2013-05-31 23:59:00', 1340.619838),
	(3, '2013-07-31 23:59:00', 2533.249838),
	(3, '2013-08-31 23:59:00', 3082.979838),
	(3, '2013-10-31 23:59:00', 3756.244838),
	(3, '2013-12-31 23:59:00', 4076.098505),
	(4, '2012-01-01 23:59:00', 13978.22165),
	(4, '2012-02-01 23:59:00', 14056.42165),
	(4, '2012-03-01 23:59:00', 14248.64165),
	(4, '2012-04-01 23:59:00', 14695.011),
	(4, '2012-05-01 23:59:00', 15138.451),
	(4, '2012-06-01 23:59:00', 15757.681),
	(4, '2012-07-01 23:59:00', 16314.611),
	(4, '2012-08-01 23:59:00', 16888.441),
	(4, '2012-09-01 23:59:00', 17441.361),
	(4, '2012-10-01 23:59:00', 17910.811),
	(4, '2012-11-01 23:59:00', 18201.231),
	(4, '2012-12-01 23:59:00', 18327.331),
	(4, '2012-01-02 23:59:00', 13978.42165),
	(4, '2012-02-02 23:59:00', 14061.73165),
	(4, '2012-03-02 23:59:00', 14262.71229),
	(4, '2012-04-02 23:59:00', 14719.261),
	(4, '2012-05-02 23:59:00', 15161.781),
	(4, '2012-06-02 23:59:00', 15774.481),
	(4, '2012-07-02 23:59:00', 16332.841),
	(4, '2012-08-02 23:59:00', 16907.151),
	(4, '2012-09-02 23:59:00', 17455.581),
	(4, '2012-10-02 23:59:00', 17924.311),
	(4, '2012-11-02 23:59:00', 18210.091),
	(4, '2012-12-02 23:59:00', 18330.771),
	(4, '2012-01-03 23:59:00', 13989.92165),
	(4, '2012-02-03 23:59:00', 14067.04165),
	(4, '2012-03-03 23:59:00', 14276.78294),
	(4, '2012-04-03 23:59:00', 14743.511),
	(4, '2012-05-03 23:59:00', 15185.111),
	(4, '2012-06-03 23:59:00', 15791.281),
	(4, '2012-07-03 23:59:00', 16351.071),
	(4, '2012-08-03 23:59:00', 16925.861),
	(4, '2012-09-03 23:59:00', 17469.801),
	(4, '2012-10-03 23:59:00', 17937.811),
	(4, '2012-11-03 23:59:00', 18218.951),
	(4, '2012-12-03 23:59:00', 18334.211),
	(4, '2012-01-04 23:59:00', 13994.80165),
	(4, '2012-02-04 23:59:00', 14072.35165),
	(4, '2012-03-04 23:59:00', 14290.85358),
	(4, '2012-04-04 23:59:00', 14757.511),
	(4, '2012-05-04 23:59:00', 15208.441),
	(4, '2012-06-04 23:59:00', 15808.081),
	(4, '2012-07-04 23:59:00', 16369.301),
	(4, '2012-08-04 23:59:00', 16944.571),
	(4, '2012-09-04 23:59:00', 17484.021),
	(4, '2012-10-04 23:59:00', 17951.311),
	(4, '2012-11-04 23:59:00', 18227.811),
	(4, '2012-12-04 23:59:00', 18337.651),
	(4, '2012-01-05 23:59:00', 13995.80165),
	(4, '2012-02-05 23:59:00', 14077.66165),
	(4, '2012-03-05 23:59:00', 14304.92423),
	(4, '2012-04-05 23:59:00', 14766.891),
	(4, '2012-05-05 23:59:00', 15226.741),
	(4, '2012-06-05 23:59:00', 15824.881),
	(4, '2012-07-05 23:59:00', 16387.531),
	(4, '2012-08-05 23:59:00', 16963.281),
	(4, '2012-09-05 23:59:00', 17498.241),
	(4, '2012-10-05 23:59:00', 17964.811),
	(4, '2012-11-05 23:59:00', 18232.811),
	(4, '2012-12-05 23:59:00', 18341.091),
	(4, '2012-01-06 23:59:00', 13997.87165),
	(4, '2012-02-06 23:59:00', 14082.97165),
	(4, '2012-03-06 23:59:00', 14318.99487),
	(4, '2012-04-06 23:59:00', 14776.271),
	(4, '2012-05-06 23:59:00', 15245.041),
	(4, '2012-06-06 23:59:00', 15841.681),
	(4, '2012-07-06 23:59:00', 16405.761),
	(4, '2012-08-06 23:59:00', 16981.991),
	(4, '2012-09-06 23:59:00', 17512.461),
	(4, '2012-10-06 23:59:00', 17974.511),
	(4, '2012-11-06 23:59:00', 18237.811),
	(4, '2012-12-06 23:59:00', 18344.531),
	(4, '2012-01-07 23:59:00', 13999.12165),
	(4, '2012-02-07 23:59:00', 14088.28165),
	(4, '2012-03-07 23:59:00', 14333.06552),
	(4, '2012-04-07 23:59:00', 14785.651),
	(4, '2012-05-07 23:59:00', 15263.341),
	(4, '2012-06-07 23:59:00', 15858.481),
	(4, '2012-07-07 23:59:00', 16423.991),
	(4, '2012-08-07 23:59:00', 17000.701),
	(4, '2012-09-07 23:59:00', 17536.201),
	(4, '2012-10-07 23:59:00', 17984.211),
	(4, '2012-11-07 23:59:00', 18242.811),
	(4, '2012-12-07 23:59:00', 18347.531),
	(4, '2012-01-08 23:59:00', 14000.45165),
	(4, '2012-02-08 23:59:00', 14093.59165),
	(4, '2012-03-08 23:59:00', 14347.13616),
	(4, '2012-04-08 23:59:00', 14795.031),
	(4, '2012-05-08 23:59:00', 15281.641),
	(4, '2012-06-08 23:59:00', 15875.281),
	(4, '2012-07-08 23:59:00', 16442.221),
	(4, '2012-08-08 23:59:00', 17019.411),
	(4, '2012-09-08 23:59:00', 17553.581),
	(4, '2012-10-08 23:59:00', 17993.911),
	(4, '2012-11-08 23:59:00', 18247.811),
	(4, '2012-12-08 23:59:00', 18350.531),
	(4, '2012-01-09 23:59:00', 14001.86165),
	(4, '2012-02-09 23:59:00', 14098.90165),
	(4, '2012-03-09 23:59:00', 14361.20681),
	(4, '2012-04-09 23:59:00', 14804.411),
	(4, '2012-05-09 23:59:00', 15299.941),
	(4, '2012-06-09 23:59:00', 15892.081),
	(4, '2012-07-09 23:59:00', 16460.451),
	(4, '2012-08-09 23:59:00', 17038.121),
	(4, '2012-09-09 23:59:00', 17570.961),
	(4, '2012-10-09 23:59:00', 18003.611),
	(4, '2012-11-09 23:59:00', 18252.811),
	(4, '2012-12-09 23:59:00', 18352.531),
	(4, '2012-01-10 23:59:00', 14005.57165),
	(4, '2012-02-10 23:59:00', 14104.21165),
	(4, '2012-03-10 23:59:00', 14375.27745),
	(4, '2012-04-10 23:59:00', 14813.791),
	(4, '2012-05-10 23:59:00', 15318.241),
	(4, '2012-06-10 23:59:00', 15908.881),
	(4, '2012-07-10 23:59:00', 16478.681),
	(4, '2012-08-10 23:59:00', 17056.831),
	(4, '2012-09-10 23:59:00', 17588.341),
	(4, '2012-10-10 23:59:00', 18013.311),
	(4, '2012-11-10 23:59:00', 18257.811),
	(4, '2012-12-10 23:59:00', 18354.531),
	(4, '2012-01-11 23:59:00', 14011.89165),
	(4, '2012-02-11 23:59:00', 14109.52165),
	(4, '2012-03-11 23:59:00', 14389.3481),
	(4, '2012-04-11 23:59:00', 14823.171),
	(4, '2012-05-11 23:59:00', 15336.541),
	(4, '2012-06-11 23:59:00', 15925.681),
	(4, '2012-07-11 23:59:00', 16496.911),
	(4, '2012-08-11 23:59:00', 17075.541),
	(4, '2012-09-11 23:59:00', 17605.721),
	(4, '2012-10-11 23:59:00', 18023.011),
	(4, '2012-11-11 23:59:00', 18261.811),
	(4, '2012-12-11 23:59:00', 18356.531),
	(4, '2012-01-12 23:59:00', 14024.11165),
	(4, '2012-02-12 23:59:00', 14114.83165),
	(4, '2012-03-12 23:59:00', 14403.41874),
	(4, '2012-04-12 23:59:00', 14832.551),
	(4, '2012-05-12 23:59:00', 15340.541),
	(4, '2012-06-12 23:59:00', 15942.481),
	(4, '2012-07-12 23:59:00', 16515.141),
	(4, '2012-08-12 23:59:00', 17097.961),
	(4, '2012-09-12 23:59:00', 17623.101),
	(4, '2012-10-12 23:59:00', 18032.711),
	(4, '2012-11-12 23:59:00', 18265.811),
	(4, '2012-12-12 23:59:00', 18358.531),
	(4, '2012-01-13 23:59:00', 14033.11165),
	(4, '2012-02-13 23:59:00', 14120.14165),
	(4, '2012-03-13 23:59:00', 14417.48939),
	(4, '2012-04-13 23:59:00', 14841.931),
	(4, '2012-05-13 23:59:00', 15358.841),
	(4, '2012-06-13 23:59:00', 15959.281),
	(4, '2012-07-13 23:59:00', 16533.371),
	(4, '2012-08-13 23:59:00', 17120.381),
	(4, '2012-09-13 23:59:00', 17640.481),
	(4, '2012-10-13 23:59:00', 18042.411),
	(4, '2012-11-13 23:59:00', 18269.811),
	(4, '2012-12-13 23:59:00', 18360.531),
	(4, '2012-01-14 23:59:00', 14034.11165),
	(4, '2012-02-14 23:59:00', 14125.45165),
	(4, '2012-03-14 23:59:00', 14431.56003),
	(4, '2012-04-14 23:59:00', 14851.311),
	(4, '2012-05-14 23:59:00', 15382.841),
	(4, '2012-06-14 23:59:00', 15976.081),
	(4, '2012-07-14 23:59:00', 16551.601),
	(4, '2012-08-14 23:59:00', 17142.801),
	(4, '2012-09-14 23:59:00', 17657.861),
	(4, '2012-10-14 23:59:00', 18052.111),
	(4, '2012-11-14 23:59:00', 18273.811),
	(4, '2012-12-14 23:59:00', 18362.531),
	(4, '2012-01-15 23:59:00', 14035.11165),
	(4, '2012-02-15 23:59:00', 14130.76165),
	(4, '2012-03-15 23:59:00', 14445.63068),
	(4, '2012-04-15 23:59:00', 14860.691),
	(4, '2012-05-15 23:59:00', 15404.341),
	(4, '2012-06-15 23:59:00', 15992.881),
	(4, '2012-07-15 23:59:00', 16566.601),
	(4, '2012-08-15 23:59:00', 17165.221),
	(4, '2012-09-15 23:59:00', 17675.241),
	(4, '2012-10-15 23:59:00', 18061.811),
	(4, '2012-11-15 23:59:00', 18277.811),
	(4, '2012-12-15 23:59:00', 18364.531),
	(4, '2012-01-16 23:59:00', 14036.11165),
	(4, '2012-02-16 23:59:00', 14136.07165),
	(4, '2012-03-16 23:59:00', 14459.70132),
	(4, '2012-04-16 23:59:00', 14870.071),
	(4, '2012-05-16 23:59:00', 15425.841),
	(4, '2012-06-16 23:59:00', 16009.681),
	(4, '2012-07-16 23:59:00', 16585.601),
	(4, '2012-08-16 23:59:00', 17187.641),
	(4, '2012-09-16 23:59:00', 17692.621),
	(4, '2012-10-16 23:59:00', 18071.511),
	(4, '2012-11-16 23:59:00', 18281.811),
	(4, '2012-12-16 23:59:00', 18366.531),
	(4, '2012-01-17 23:59:00', 14037.11165),
	(4, '2012-02-17 23:59:00', 14141.38165),
	(4, '2012-03-17 23:59:00', 14473.77197),
	(4, '2012-04-17 23:59:00', 14886.071),
	(4, '2012-05-17 23:59:00', 15447.341),
	(4, '2012-06-17 23:59:00', 16026.481),
	(4, '2012-07-17 23:59:00', 16604.601),
	(4, '2012-08-17 23:59:00', 17210.061),
	(4, '2012-09-17 23:59:00', 17710.001),
	(4, '2012-10-17 23:59:00', 18079.511),
	(4, '2012-11-17 23:59:00', 18285.811),
	(4, '2012-12-17 23:59:00', 18369.971),
	(4, '2012-01-18 23:59:00', 14038.11165),
	(4, '2012-02-18 23:59:00', 14146.69165),
	(4, '2012-03-18 23:59:00', 14487.84261),
	(4, '2012-04-18 23:59:00', 14895.451),
	(4, '2012-05-18 23:59:00', 15468.841),
	(4, '2012-06-18 23:59:00', 16050.981),
	(4, '2012-07-18 23:59:00', 16623.601),
	(4, '2012-08-18 23:59:00', 17232.481),
	(4, '2012-09-18 23:59:00', 17727.381),
	(4, '2012-10-18 23:59:00', 18087.511),
	(4, '2012-11-18 23:59:00', 18289.811),
	(4, '2012-12-18 23:59:00', 18373.411),
	(4, '2012-01-19 23:59:00', 14039.11165),
	(4, '2012-02-19 23:59:00', 14152.00165),
	(4, '2012-03-19 23:59:00', 14501.91326),
	(4, '2012-04-19 23:59:00', 14913.451),
	(4, '2012-05-19 23:59:00', 15490.341),
	(4, '2012-06-19 23:59:00', 16071.581),
	(4, '2012-07-19 23:59:00', 16642.601),
	(4, '2012-08-19 23:59:00', 17256.501),
	(4, '2012-09-19 23:59:00', 17744.761),
	(4, '2012-10-19 23:59:00', 18095.511),
	(4, '2012-11-19 23:59:00', 18293.251),
	(4, '2012-12-19 23:59:00', 18375.411),
	(4, '2012-01-20 23:59:00', 14040.11165),
	(4, '2012-02-20 23:59:00', 14157.31165),
	(4, '2012-03-20 23:59:00', 14515.9839),
	(4, '2012-04-20 23:59:00', 14932.201),
	(4, '2012-05-20 23:59:00', 15511.841),
	(4, '2012-06-20 23:59:00', 16092.181),
	(4, '2012-07-20 23:59:00', 16661.601),
	(4, '2012-08-20 23:59:00', 17270.721),
	(4, '2012-09-20 23:59:00', 17762.141),
	(4, '2012-10-20 23:59:00', 18103.511),
	(4, '2012-11-20 23:59:00', 18296.691),
	(4, '2012-12-20 23:59:00', 18377.411),
	(4, '2012-01-21 23:59:00', 14041.11165),
	(4, '2012-02-21 23:59:00', 14162.62165),
	(4, '2012-03-21 23:59:00', 14530.05455),
	(4, '2012-04-21 23:59:00', 14950.951),
	(4, '2012-05-21 23:59:00', 15533.341),
	(4, '2012-06-21 23:59:00', 16112.781),
	(4, '2012-07-21 23:59:00', 16680.601),
	(4, '2012-08-21 23:59:00', 17284.941),
	(4, '2012-09-21 23:59:00', 17775.471),
	(4, '2012-10-21 23:59:00', 18111.511),
	(4, '2012-11-21 23:59:00', 18300.131),
	(4, '2012-12-21 23:59:00', 18379.411),
	(4, '2012-01-22 23:59:00', 14042.11165),
	(4, '2012-02-22 23:59:00', 14180.62165),
	(4, '2012-03-22 23:59:00', 14544.12519),
	(4, '2012-04-22 23:59:00', 14969.701),
	(4, '2012-05-22 23:59:00', 15554.841),
	(4, '2012-06-22 23:59:00', 16130.111),
	(4, '2012-07-22 23:59:00', 16699.601),
	(4, '2012-08-22 23:59:00', 17299.161),
	(4, '2012-09-22 23:59:00', 17788.801),
	(4, '2012-10-22 23:59:00', 18119.511),
	(4, '2012-11-22 23:59:00', 18303.571),
	(4, '2012-12-22 23:59:00', 18382.851),
	(4, '2012-01-23 23:59:00', 14043.11165),
	(4, '2012-02-23 23:59:00', 14185.93165),
	(4, '2012-03-23 23:59:00', 14558.19584),
	(4, '2012-04-23 23:59:00', 14988.451),
	(4, '2012-05-23 23:59:00', 15576.341),
	(4, '2012-06-23 23:59:00', 16153.611),
	(4, '2012-07-23 23:59:00', 16718.601),
	(4, '2012-08-23 23:59:00', 17313.381),
	(4, '2012-09-23 23:59:00', 17802.131),
	(4, '2012-10-23 23:59:00', 18127.511),
	(4, '2012-11-23 23:59:00', 18307.011),
	(4, '2012-12-23 23:59:00', 18386.291),
	(4, '2012-01-24 23:59:00', 14044.11165),
	(4, '2012-02-24 23:59:00', 14205.38165),
	(4, '2012-03-24 23:59:00', 14572.26648),
	(4, '2012-04-24 23:59:00', 15007.201),
	(4, '2012-05-24 23:59:00', 15597.841),
	(4, '2012-06-24 23:59:00', 16177.111),
	(4, '2012-07-24 23:59:00', 16737.601),
	(4, '2012-08-24 23:59:00', 17327.601),
	(4, '2012-09-24 23:59:00', 17815.461),
	(4, '2012-10-24 23:59:00', 18135.511),
	(4, '2012-11-24 23:59:00', 18309.011),
	(4, '2012-12-24 23:59:00', 18396.291),
	(4, '2012-01-25 23:59:00', 14045.11165),
	(4, '2012-02-25 23:59:00', 14212.58165),
	(4, '2012-03-25 23:59:00', 14586.33713),
	(4, '2012-04-25 23:59:00', 15025.951),
	(4, '2012-05-25 23:59:00', 15619.341),
	(4, '2012-06-25 23:59:00', 16198.111),
	(4, '2012-07-25 23:59:00', 16756.601),
	(4, '2012-08-25 23:59:00', 17341.821),
	(4, '2012-09-25 23:59:00', 17828.791),
	(4, '2012-10-25 23:59:00', 18143.511),
	(4, '2012-11-25 23:59:00', 18311.011),
	(4, '2012-12-25 23:59:00', 18404.291),
	(4, '2012-01-26 23:59:00', 14046.11165),
	(4, '2012-02-26 23:59:00', 14219.78165),
	(4, '2012-03-26 23:59:00', 14600.40777),
	(4, '2012-04-26 23:59:00', 15044.701),
	(4, '2012-05-26 23:59:00', 15640.841),
	(4, '2012-06-26 23:59:00', 16219.111),
	(4, '2012-07-26 23:59:00', 16775.601),
	(4, '2012-08-26 23:59:00', 17356.041),
	(4, '2012-09-26 23:59:00', 17842.121),
	(4, '2012-10-26 23:59:00', 18151.511),
	(4, '2012-11-26 23:59:00', 18313.011),
	(4, '2012-12-26 23:59:00', 18407.731),
	(4, '2012-01-27 23:59:00', 14047.11165),
	(4, '2012-02-27 23:59:00', 14226.98165),
	(4, '2012-03-27 23:59:00', 14614.47842),
	(4, '2012-04-27 23:59:00', 15063.451),
	(4, '2012-05-27 23:59:00', 15662.341),
	(4, '2012-06-27 23:59:00', 16241.691),
	(4, '2012-07-27 23:59:00', 16794.601),
	(4, '2012-08-27 23:59:00', 17370.261),
	(4, '2012-09-27 23:59:00', 17856.811),
	(4, '2012-10-27 23:59:00', 18159.511),
	(4, '2012-11-27 23:59:00', 18316.451),
	(4, '2012-12-27 23:59:00', 18411.171),
	(4, '2012-01-28 23:59:00', 14048.11165),
	(4, '2012-02-28 23:59:00', 14234.18165),
	(4, '2012-03-28 23:59:00', 14628.54906),
	(4, '2012-04-28 23:59:00', 15082.201),
	(4, '2012-05-28 23:59:00', 15683.841),
	(4, '2012-06-28 23:59:00', 16259.921),
	(4, '2012-07-28 23:59:00', 16813.601),
	(4, '2012-08-28 23:59:00', 17384.481),
	(4, '2012-09-28 23:59:00', 17870.311),
	(4, '2012-10-28 23:59:00', 18167.511),
	(4, '2012-11-28 23:59:00', 18318.451),
	(4, '2012-12-28 23:59:00', 18414.611),
	(4, '2012-01-29 23:59:00', 14049.11165),
	(4, '2012-02-29 23:59:00', 14241.38165),
	(4, '2012-03-29 23:59:00', 14642.61971),
	(4, '2012-04-29 23:59:00', 15100.951),
	(4, '2012-05-29 23:59:00', 15702.681),
	(4, '2012-06-29 23:59:00', 16278.151),
	(4, '2012-07-29 23:59:00', 16832.311),
	(4, '2012-08-29 23:59:00', 17398.701),
	(4, '2012-09-29 23:59:00', 17883.811),
	(4, '2012-10-29 23:59:00', 18175.511),
	(4, '2012-11-29 23:59:00', 18320.451),
	(4, '2012-12-29 23:59:00', 18418.051),
	(4, '2012-01-30 23:59:00', 14050.11165),
	(4, '2012-03-30 23:59:00', 14656.69035),
	(4, '2012-04-30 23:59:00', 15119.701),
	(4, '2012-05-30 23:59:00', 15722.681),
	(4, '2012-06-30 23:59:00', 16296.381),
	(4, '2012-07-30 23:59:00', 16851.021),
	(4, '2012-08-30 23:59:00', 17412.921),
	(4, '2012-09-30 23:59:00', 17897.311),
	(4, '2012-10-30 23:59:00', 18183.511),
	(4, '2012-11-30 23:59:00', 18323.891),
	(4, '2012-12-30 23:59:00', 18421.491),
	(4, '2012-01-31 23:59:00', 14051.11165),
	(4, '2012-03-31 23:59:00', 14670.761),
	(4, '2012-05-31 23:59:00', 15742.681),
	(4, '2012-07-31 23:59:00', 16869.731),
	(4, '2012-08-31 23:59:00', 17427.141),
	(4, '2012-10-31 23:59:00', 18192.371),
	(4, '2012-12-31 23:59:00', 18424.931),
	(4, '2011-01-01 23:59:00', 9194.691645),
	(4, '2011-02-01 23:59:00', 9293.941645),
	(4, '2011-03-01 23:59:00', 9502.261645),
	(4, '2011-04-01 23:59:00', 9971.951645),
	(4, '2011-05-01 23:59:00', 10586.47165),
	(4, '2011-06-01 23:59:00', 11237.82165),
	(4, '2011-07-01 23:59:00', 11731.91165),
	(4, '2011-08-01 23:59:00', 12268.63165),
	(4, '2011-09-01 23:59:00', 12853.10165),
	(4, '2011-10-01 23:59:00', 13345.95165),
	(4, '2011-11-01 23:59:00', 13697.47165),
	(4, '2011-12-01 23:59:00', 13880.87165),
	(4, '2011-01-02 23:59:00', 9196.741645),
	(4, '2011-02-02 23:59:00', 9293.941645),
	(4, '2011-03-02 23:59:00', 9524.491645),
	(4, '2011-04-02 23:59:00', 9996.501645),
	(4, '2011-05-02 23:59:00', 10609.80165),
	(4, '2011-06-02 23:59:00', 11255.02165),
	(4, '2011-07-02 23:59:00', 11751.14165),
	(4, '2011-08-02 23:59:00', 12294.87165),
	(4, '2011-09-02 23:59:00', 12866.96165),
	(4, '2011-10-02 23:59:00', 13364.53165),
	(4, '2011-11-02 23:59:00', 13699.48165),
	(4, '2011-12-02 23:59:00', 13888.26165),
	(4, '2011-01-03 23:59:00', 9197.401645),
	(4, '2011-02-03 23:59:00', 9294.541645),
	(4, '2011-03-03 23:59:00', 9542.891645),
	(4, '2011-04-03 23:59:00', 10018.60165),
	(4, '2011-05-03 23:59:00', 10618.65165),
	(4, '2011-06-03 23:59:00', 11272.22165),
	(4, '2011-07-03 23:59:00', 11762.64165),
	(4, '2011-08-03 23:59:00', 12307.80165),
	(4, '2011-09-03 23:59:00', 12880.82165),
	(4, '2011-10-03 23:59:00', 13383.84165),
	(4, '2011-11-03 23:59:00', 13706.07165),
	(4, '2011-12-03 23:59:00', 13894.76165),
	(4, '2011-01-04 23:59:00', 9199.121645),
	(4, '2011-02-04 23:59:00', 9304.391645),
	(4, '2011-03-04 23:59:00', 9551.111645),
	(4, '2011-04-04 23:59:00', 10024.10165),
	(4, '2011-05-04 23:59:00', 10643.30165),
	(4, '2011-06-04 23:59:00', 11289.42165),
	(4, '2011-07-04 23:59:00', 11785.84165),
	(4, '2011-08-04 23:59:00', 12326.29165),
	(4, '2011-09-04 23:59:00', 12894.68165),
	(4, '2011-10-04 23:59:00', 13404.25165),
	(4, '2011-11-04 23:59:00', 13710.17165),
	(4, '2011-12-04 23:59:00', 13896.69165),
	(4, '2011-01-05 23:59:00', 9203.741645),
	(4, '2011-02-05 23:59:00', 9319.351645),
	(4, '2011-03-05 23:59:00', 9565.631645),
	(4, '2011-04-05 23:59:00', 10043.32165),
	(4, '2011-05-05 23:59:00', 10670.97165),
	(4, '2011-06-05 23:59:00', 11306.62165),
	(4, '2011-07-05 23:59:00', 11806.34165),
	(4, '2011-08-05 23:59:00', 12342.76165),
	(4, '2011-09-05 23:59:00', 12908.54165),
	(4, '2011-10-05 23:59:00', 13415.25165),
	(4, '2011-11-05 23:59:00', 13723.41165),
	(4, '2011-12-05 23:59:00', 13899.42165),
	(4, '2011-01-06 23:59:00', 9205.631645),
	(4, '2011-02-06 23:59:00', 9336.681645),
	(4, '2011-03-06 23:59:00', 9575.051645),
	(4, '2011-04-06 23:59:00', 10063.82165),
	(4, '2011-05-06 23:59:00', 10696.99165),
	(4, '2011-06-06 23:59:00', 11318.17165),
	(4, '2011-07-06 23:59:00', 11828.91165),
	(4, '2011-08-06 23:59:00', 12363.61165),
	(4, '2011-09-06 23:59:00', 12922.40165),
	(4, '2011-10-06 23:59:00', 13433.06165),
	(4, '2011-11-06 23:59:00', 13727.26165),
	(4, '2011-12-06 23:59:00', 13902.55165),
	(4, '2011-01-07 23:59:00', 9208.001645),
	(4, '2011-02-07 23:59:00', 9355.411645),
	(4, '2011-03-07 23:59:00', 9597.051645),
	(4, '2011-04-07 23:59:00', 10088.09165),
	(4, '2011-05-07 23:59:00', 10723.23165),
	(4, '2011-06-07 23:59:00', 11341.17165),
	(4, '2011-07-07 23:59:00', 11852.34165),
	(4, '2011-08-07 23:59:00', 12369.87165),
	(4, '2011-09-07 23:59:00', 12936.26165),
	(4, '2011-10-07 23:59:00', 13443.07165),
	(4, '2011-11-07 23:59:00', 13730.05165),
	(4, '2011-12-07 23:59:00', 13903.87165),
	(4, '2011-01-08 23:59:00', 9212.621645),
	(4, '2011-02-08 23:59:00', 9363.201645),
	(4, '2011-03-08 23:59:00', 9620.701645),
	(4, '2011-04-08 23:59:00', 10111.03165),
	(4, '2011-05-08 23:59:00', 10750.26165),
	(4, '2011-06-08 23:59:00', 11349.15165),
	(4, '2011-07-08 23:59:00', 11876.82165),
	(4, '2011-08-08 23:59:00', 12389.18165),
	(4, '2011-09-08 23:59:00', 12950.12165),
	(4, '2011-10-08 23:59:00', 13454.46165),
	(4, '2011-11-08 23:59:00', 13740.73165),
	(4, '2011-12-08 23:59:00', 13915.32165),
	(4, '2011-01-09 23:59:00', 9216.281645),
	(4, '2011-02-09 23:59:00', 9369.071645),
	(4, '2011-03-09 23:59:00', 9640.811645),
	(4, '2011-04-09 23:59:00', 10136.33165),
	(4, '2011-05-09 23:59:00', 10777.74165),
	(4, '2011-06-09 23:59:00', 11358.49165),
	(4, '2011-07-09 23:59:00', 11897.67165),
	(4, '2011-08-09 23:59:00', 12406.47165),
	(4, '2011-09-09 23:59:00', 12963.98165),
	(4, '2011-10-09 23:59:00', 13464.70165),
	(4, '2011-11-09 23:59:00', 13743.49165),
	(4, '2011-12-09 23:59:00', 13916.89165),
	(4, '2011-01-10 23:59:00', 9217.681645),
	(4, '2011-02-10 23:59:00', 9383.871645),
	(4, '2011-03-10 23:59:00', 9646.911645),
	(4, '2011-04-10 23:59:00', 10160.55165),
	(4, '2011-05-10 23:59:00', 10794.70165),
	(4, '2011-06-10 23:59:00', 11380.75165),
	(4, '2011-07-10 23:59:00', 11919.66165),
	(4, '2011-08-10 23:59:00', 12425.94165),
	(4, '2011-09-10 23:59:00', 12987.04165),
	(4, '2011-10-10 23:59:00', 13467.14165),
	(4, '2011-11-10 23:59:00', 13744.56165),
	(4, '2011-12-10 23:59:00', 13917.49165),
	(4, '2011-01-11 23:59:00', 9219.081645),
	(4, '2011-02-11 23:59:00', 9386.871645),
	(4, '2011-03-11 23:59:00', 9660.911645),
	(4, '2011-04-11 23:59:00', 10184.02165),
	(4, '2011-05-11 23:59:00', 10811.66165),
	(4, '2011-06-11 23:59:00', 11385.93165),
	(4, '2011-07-11 23:59:00', 11942.34165),
	(4, '2011-08-11 23:59:00', 12447.53165),
	(4, '2011-09-11 23:59:00', 13007.77165),
	(4, '2011-10-11 23:59:00', 13485.48165),
	(4, '2011-11-11 23:59:00', 13745.57165),
	(4, '2011-12-11 23:59:00', 13918.09165),
	(4, '2011-01-12 23:59:00', 9220.471645),
	(4, '2011-02-12 23:59:00', 9389.401645),
	(4, '2011-03-12 23:59:00', 9679.411645),
	(4, '2011-04-12 23:59:00', 10191.82165),
	(4, '2011-05-12 23:59:00', 10828.62165),
	(4, '2011-06-12 23:59:00', 11401.14165),
	(4, '2011-07-12 23:59:00', 11967.71165),
	(4, '2011-08-12 23:59:00', 12467.11165),
	(4, '2011-09-12 23:59:00', 13029.77165),
	(4, '2011-10-12 23:59:00', 13489.68165),
	(4, '2011-11-12 23:59:00', 13745.74165),
	(4, '2011-12-12 23:59:00', 13920.04165),
	(4, '2011-01-13 23:59:00', 9221.771645),
	(4, '2011-02-13 23:59:00', 9394.251645),
	(4, '2011-03-13 23:59:00', 9683.581645),
	(4, '2011-04-13 23:59:00', 10204.10165),
	(4, '2011-05-13 23:59:00', 10845.58165),
	(4, '2011-06-13 23:59:00', 11413.56165),
	(4, '2011-07-13 23:59:00', 11974.55165),
	(4, '2011-08-13 23:59:00', 12486.69165),
	(4, '2011-09-13 23:59:00', 13049.59165),
	(4, '2011-10-13 23:59:00', 13496.26165),
	(4, '2011-11-13 23:59:00', 13755.87165),
	(4, '2011-12-13 23:59:00', 13921.94165),
	(4, '2011-01-14 23:59:00', 9224.171645),
	(4, '2011-02-14 23:59:00', 9397.991645),
	(4, '2011-03-14 23:59:00', 9698.181645),
	(4, '2011-04-14 23:59:00', 10220.00165),
	(4, '2011-05-14 23:59:00', 10862.54165),
	(4, '2011-06-14 23:59:00', 11430.55165),
	(4, '2011-07-14 23:59:00', 11983.08165),
	(4, '2011-08-14 23:59:00', 12506.27165),
	(4, '2011-09-14 23:59:00', 13064.47165),
	(4, '2011-10-14 23:59:00', 13517.18165),
	(4, '2011-11-14 23:59:00', 13757.72165),
	(4, '2011-12-14 23:59:00', 13923.99165),
	(4, '2011-01-15 23:59:00', 9230.701645),
	(4, '2011-02-15 23:59:00', 9399.751645),
	(4, '2011-03-15 23:59:00', 9720.771645),
	(4, '2011-04-15 23:59:00', 10236.84165),
	(4, '2011-05-15 23:59:00', 10879.50165),
	(4, '2011-06-15 23:59:00', 11452.45165),
	(4, '2011-07-15 23:59:00', 12004.08165),
	(4, '2011-08-15 23:59:00', 12525.85165),
	(4, '2011-09-15 23:59:00', 13084.68165),
	(4, '2011-10-15 23:59:00', 13538.20165),
	(4, '2011-11-15 23:59:00', 13759.06165),
	(4, '2011-12-15 23:59:00', 13926.17165),
	(4, '2011-01-16 23:59:00', 9245.421645),
	(4, '2011-02-16 23:59:00', 9401.491645),
	(4, '2011-03-16 23:59:00', 9724.881645),
	(4, '2011-04-16 23:59:00', 10258.32165),
	(4, '2011-05-16 23:59:00', 10896.46165),
	(4, '2011-06-16 23:59:00', 11475.45165),
	(4, '2011-07-16 23:59:00', 12030.53165),
	(4, '2011-08-16 23:59:00', 12545.43165),
	(4, '2011-09-16 23:59:00', 13106.36165),
	(4, '2011-10-16 23:59:00', 13557.92165),
	(4, '2011-11-16 23:59:00', 13760.41165),
	(4, '2011-12-16 23:59:00', 13927.32165),
	(4, '2011-01-17 23:59:00', 9259.721645),
	(4, '2011-02-17 23:59:00', 9402.811645),
	(4, '2011-03-17 23:59:00', 9726.421645),
	(4, '2011-04-17 23:59:00', 10284.17165),
	(4, '2011-05-17 23:59:00', 10910.46165),
	(4, '2011-06-17 23:59:00', 11495.01165),
	(4, '2011-07-17 23:59:00', 12039.17165),
	(4, '2011-08-17 23:59:00', 12565.01165),
	(4, '2011-09-17 23:59:00', 13121.30165),
	(4, '2011-10-17 23:59:00', 13561.01165),
	(4, '2011-11-17 23:59:00', 13774.33165),
	(4, '2011-12-17 23:59:00', 13928.10165),
	(4, '2011-01-18 23:59:00', 9264.041645),
	(4, '2011-02-18 23:59:00', 9404.771645),
	(4, '2011-03-18 23:59:00', 9727.381645),
	(4, '2011-04-18 23:59:00', 10310.81165),
	(4, '2011-05-18 23:59:00', 10936.29165),
	(4, '2011-06-18 23:59:00', 11499.76165),
	(4, '2011-07-18 23:59:00', 12054.65165),
	(4, '2011-08-18 23:59:00', 12584.59165),
	(4, '2011-09-18 23:59:00', 13124.57165),
	(4, '2011-10-18 23:59:00', 13579.58165),
	(4, '2011-11-18 23:59:00', 13788.03165),
	(4, '2011-12-18 23:59:00', 13931.64165),
	(4, '2011-01-19 23:59:00', 9264.341645),
	(4, '2011-02-19 23:59:00', 9406.711645),
	(4, '2011-03-19 23:59:00', 9735.131645),
	(4, '2011-04-19 23:59:00', 10335.71165),
	(4, '2011-05-19 23:59:00', 10961.97165),
	(4, '2011-06-19 23:59:00', 11518.11165),
	(4, '2011-07-19 23:59:00', 12077.12165),
	(4, '2011-08-19 23:59:00', 12604.17165),
	(4, '2011-09-19 23:59:00', 13128.56165),
	(4, '2011-10-19 23:59:00', 13580.85165),
	(4, '2011-11-19 23:59:00', 13802.23165),
	(4, '2011-12-19 23:59:00', 13939.07165),
	(4, '2011-01-20 23:59:00', 9266.341645),
	(4, '2011-02-20 23:59:00', 9406.711645),
	(4, '2011-03-20 23:59:00', 9759.431645),
	(4, '2011-04-20 23:59:00', 10360.74165),
	(4, '2011-05-20 23:59:00', 10986.44165),
	(4, '2011-06-20 23:59:00', 11530.11165),
	(4, '2011-07-20 23:59:00', 12082.42165),
	(4, '2011-08-20 23:59:00', 12626.83165),
	(4, '2011-09-20 23:59:00', 13137.56165),
	(4, '2011-10-20 23:59:00', 13587.74165),
	(4, '2011-11-20 23:59:00', 13808.12165),
	(4, '2011-12-20 23:59:00', 13940.14165),
	(4, '2011-01-21 23:59:00', 9276.041645),
	(4, '2011-02-21 23:59:00', 9406.711645),
	(4, '2011-03-21 23:59:00', 9782.731645),
	(4, '2011-04-21 23:59:00', 10385.42165),
	(4, '2011-05-21 23:59:00', 11011.17165),
	(4, '2011-06-21 23:59:00', 11551.54165),
	(4, '2011-07-21 23:59:00', 12102.02165),
	(4, '2011-08-21 23:59:00', 12646.79165),
	(4, '2011-09-21 23:59:00', 13158.61165),
	(4, '2011-10-21 23:59:00', 13604.80165),
	(4, '2011-11-21 23:59:00', 13818.51165),
	(4, '2011-12-21 23:59:00', 13940.50165),
	(4, '2011-01-22 23:59:00', 9283.941645),
	(4, '2011-02-22 23:59:00', 9407.711645),
	(4, '2011-03-22 23:59:00', 9806.421645),
	(4, '2011-04-22 23:59:00', 10409.87165),
	(4, '2011-05-22 23:59:00', 11030.34165),
	(4, '2011-06-22 23:59:00', 11568.87165),
	(4, '2011-07-22 23:59:00', 12116.72165),
	(4, '2011-08-22 23:59:00', 12668.79165),
	(4, '2011-09-22 23:59:00', 13171.33165),
	(4, '2011-10-22 23:59:00', 13619.52165),
	(4, '2011-11-22 23:59:00', 13820.86165),
	(4, '2011-12-22 23:59:00', 13940.86165),
	(4, '2011-01-23 23:59:00', 9292.941645),
	(4, '2011-02-23 23:59:00', 9418.691645),
	(4, '2011-03-23 23:59:00', 9829.661645),
	(4, '2011-04-23 23:59:00', 10434.02165),
	(4, '2011-05-23 23:59:00', 11052.89165),
	(4, '2011-06-23 23:59:00', 11573.53165),
	(4, '2011-07-23 23:59:00', 12124.87165),
	(4, '2011-08-23 23:59:00', 12691.59165),
	(4, '2011-09-23 23:59:00', 13189.99165),
	(4, '2011-10-23 23:59:00', 13634.82165),
	(4, '2011-11-23 23:59:00', 13822.60165),
	(4, '2011-12-23 23:59:00', 13942.18165),
	(4, '2011-01-24 23:59:00', 9292.941645),
	(4, '2011-02-24 23:59:00', 9439.071645),
	(4, '2011-03-24 23:59:00', 9852.971645),
	(4, '2011-04-24 23:59:00', 10452.11165),
	(4, '2011-05-24 23:59:00', 11078.53165),
	(4, '2011-06-24 23:59:00', 11590.90165),
	(4, '2011-07-24 23:59:00', 12139.05165),
	(4, '2011-08-24 23:59:00', 12714.44165),
	(4, '2011-09-24 23:59:00', 13211.57165),
	(4, '2011-10-24 23:59:00', 13653.06165),
	(4, '2011-11-24 23:59:00', 13823.83165),
	(4, '2011-12-24 23:59:00', 13948.70165),
	(4, '2011-01-25 23:59:00', 9293.941645),
	(4, '2011-02-25 23:59:00', 9453.051645),
	(4, '2011-03-25 23:59:00', 9874.931645),
	(4, '2011-04-25 23:59:00', 10470.20165),
	(4, '2011-05-25 23:59:00', 11105.26165),
	(4, '2011-06-25 23:59:00', 11606.41165),
	(4, '2011-07-25 23:59:00', 12152.78165),
	(4, '2011-08-25 23:59:00', 12737.66165),
	(4, '2011-09-25 23:59:00', 13230.57165),
	(4, '2011-10-25 23:59:00', 13658.05165),
	(4, '2011-11-25 23:59:00', 13828.96165),
	(4, '2011-12-25 23:59:00', 13955.22165),
	(4, '2011-01-26 23:59:00', 9293.941645),
	(4, '2011-02-26 23:59:00', 9474.401645),
	(4, '2011-03-26 23:59:00', 9885.551645),
	(4, '2011-04-26 23:59:00', 10488.29165),
	(4, '2011-05-26 23:59:00', 11127.94165),
	(4, '2011-06-26 23:59:00', 11627.85165),
	(4, '2011-07-26 23:59:00', 12174.68165),
	(4, '2011-08-26 23:59:00', 12761.14165),
	(4, '2011-09-26 23:59:00', 13250.55165),
	(4, '2011-10-26 23:59:00', 13661.34165),
	(4, '2011-11-26 23:59:00', 13835.22165),
	(4, '2011-12-26 23:59:00', 13961.74165),
	(4, '2011-01-27 23:59:00', 9293.941645),
	(4, '2011-02-27 23:59:00', 9479.161645),
	(4, '2011-03-27 23:59:00', 9889.891645),
	(4, '2011-04-27 23:59:00', 10506.38165),
	(4, '2011-05-27 23:59:00', 11132.50165),
	(4, '2011-06-27 23:59:00', 11655.17165),
	(4, '2011-07-27 23:59:00', 12196.79165),
	(4, '2011-08-27 23:59:00', 12768.05165),
	(4, '2011-09-27 23:59:00', 13268.30165),
	(4, '2011-10-27 23:59:00', 13662.50165),
	(4, '2011-11-27 23:59:00', 13849.34165),
	(4, '2011-12-27 23:59:00', 13968.26165),
	(4, '2011-01-28 23:59:00', 9293.941645),
	(4, '2011-02-28 23:59:00', 9484.961645),
	(4, '2011-03-28 23:59:00', 9905.301645),
	(4, '2011-04-28 23:59:00', 10523.88165),
	(4, '2011-05-28 23:59:00', 11152.15165),
	(4, '2011-06-28 23:59:00', 11681.33165),
	(4, '2011-07-28 23:59:00', 12213.08165),
	(4, '2011-08-28 23:59:00', 12792.52165),
	(4, '2011-09-28 23:59:00', 13289.26165),
	(4, '2011-10-28 23:59:00', 13674.48165),
	(4, '2011-11-28 23:59:00', 13861.45165),
	(4, '2011-12-28 23:59:00', 13974.78165),
	(4, '2011-01-29 23:59:00', 9293.941645),
	(4, '2011-03-29 23:59:00', 9929.281645),
	(4, '2011-04-29 23:59:00', 10547.03165),
	(4, '2011-05-29 23:59:00', 11178.05165),
	(4, '2011-06-29 23:59:00', 11704.06165),
	(4, '2011-07-29 23:59:00', 12224.86165),
	(4, '2011-08-29 23:59:00', 12811.52165),
	(4, '2011-09-29 23:59:00', 13306.04165),
	(4, '2011-10-29 23:59:00', 13683.46165),
	(4, '2011-11-29 23:59:00', 13871.91165),
	(4, '2011-12-29 23:59:00', 13975.12165),
	(4, '2011-01-30 23:59:00', 9293.941645),
	(4, '2011-03-30 23:59:00', 9948.191645),
	(4, '2011-04-30 23:59:00', 10571.77165),
	(4, '2011-05-30 23:59:00', 11204.14165),
	(4, '2011-06-30 23:59:00', 11718.27165),
	(4, '2011-07-30 23:59:00', 12237.36165),
	(4, '2011-08-30 23:59:00', 12825.38165),
	(4, '2011-09-30 23:59:00', 13326.51165),
	(4, '2011-10-30 23:59:00', 13692.19165),
	(4, '2011-11-30 23:59:00', 13873.22165),
	(4, '2011-12-30 23:59:00', 13975.96165),
	(4, '2011-01-31 23:59:00', 9293.941645),
	(4, '2011-03-31 23:59:00', 9959.851645),
	(4, '2011-05-31 23:59:00', 11220.62165),
	(4, '2011-07-31 23:59:00', 12253.44165),
	(4, '2011-08-31 23:59:00', 12839.24165),
	(4, '2011-10-31 23:59:00', 13695.07165),
	(4, '2011-12-31 23:59:00', 13976.46165),
	(4, '2010-01-01 23:59:00', 5111.891645),
	(4, '2010-02-01 23:59:00', 5189.821645),
	(4, '2010-03-01 23:59:00', 5389.701645),
	(4, '2010-04-01 23:59:00', 5809.091645),
	(4, '2010-05-01 23:59:00', 6360.821645),
	(4, '2010-06-01 23:59:00', 6739.661645),
	(4, '2010-07-01 23:59:00', 7258.651645),
	(4, '2010-08-01 23:59:00', 7865.161645),
	(4, '2010-09-01 23:59:00', 8321.201645),
	(4, '2010-10-01 23:59:00', 8724.741645),
	(4, '2010-11-01 23:59:00', 9032.081645),
	(4, '2010-12-01 23:59:00', 9170.431645),
	(4, '2010-01-02 23:59:00', 5111.891645),
	(4, '2010-02-02 23:59:00', 5202.581645),
	(4, '2010-03-02 23:59:00', 5393.021645),
	(4, '2010-04-02 23:59:00', 5822.591645),
	(4, '2010-05-02 23:59:00', 6366.281645),
	(4, '2010-06-02 23:59:00', 6742.161645),
	(4, '2010-07-02 23:59:00', 7283.241645),
	(4, '2010-08-02 23:59:00', 7875.401645),
	(4, '2010-09-02 23:59:00', 8334.701645),
	(4, '2010-10-02 23:59:00', 8732.881645),
	(4, '2010-11-02 23:59:00', 9033.081645),
	(4, '2010-12-02 23:59:00', 9170.431645),
	(4, '2010-01-03 23:59:00', 5112.991645),
	(4, '2010-02-03 23:59:00', 5205.081645),
	(4, '2010-03-03 23:59:00', 5409.911645),
	(4, '2010-04-03 23:59:00', 5836.091645),
	(4, '2010-05-03 23:59:00', 6378.021645),
	(4, '2010-06-03 23:59:00', 6745.561645),
	(4, '2010-07-03 23:59:00', 7308.971645),
	(4, '2010-08-03 23:59:00', 7887.401645),
	(4, '2010-09-03 23:59:00', 8348.201645),
	(4, '2010-10-03 23:59:00', 8750.781645),
	(4, '2010-11-03 23:59:00', 9042.081645),
	(4, '2010-12-03 23:59:00', 9170.431645),
	(4, '2010-01-04 23:59:00', 5119.491645),
	(4, '2010-02-04 23:59:00', 5218.881645),
	(4, '2010-03-04 23:59:00', 5423.831645),
	(4, '2010-04-04 23:59:00', 5849.591645),
	(4, '2010-05-04 23:59:00', 6381.581645),
	(4, '2010-06-04 23:59:00', 6771.131645),
	(4, '2010-07-04 23:59:00', 7326.581645),
	(4, '2010-08-04 23:59:00', 7909.931645),
	(4, '2010-09-04 23:59:00', 8361.701645),
	(4, '2010-10-04 23:59:00', 8768.831645),
	(4, '2010-11-04 23:59:00', 9051.081645),
	(4, '2010-12-04 23:59:00', 9170.431645),
	(4, '2010-01-05 23:59:00', 5120.991645),
	(4, '2010-02-05 23:59:00', 5222.161645),
	(4, '2010-03-05 23:59:00', 5438.131645),
	(4, '2010-04-05 23:59:00', 5863.091645),
	(4, '2010-05-05 23:59:00', 6384.851645),
	(4, '2010-06-05 23:59:00', 6797.791645),
	(4, '2010-07-05 23:59:00', 7348.111645),
	(4, '2010-08-05 23:59:00', 7916.651645),
	(4, '2010-09-05 23:59:00', 8375.201645),
	(4, '2010-10-05 23:59:00', 8774.121645),
	(4, '2010-11-05 23:59:00', 9060.081645),
	(4, '2010-12-05 23:59:00', 9170.431645),
	(4, '2010-01-06 23:59:00', 5121.991645),
	(4, '2010-02-06 23:59:00', 5223.561645),
	(4, '2010-03-06 23:59:00', 5442.131645),
	(4, '2010-04-06 23:59:00', 5888.641645),
	(4, '2010-05-06 23:59:00', 6390.531645),
	(4, '2010-06-06 23:59:00', 6823.791645),
	(4, '2010-07-06 23:59:00', 7369.761645),
	(4, '2010-08-06 23:59:00', 7926.291645),
	(4, '2010-09-06 23:59:00', 8388.701645),
	(4, '2010-10-06 23:59:00', 8779.751645),
	(4, '2010-11-06 23:59:00', 9063.751645),
	(4, '2010-12-06 23:59:00', 9170.431645),
	(4, '2010-01-07 23:59:00', 5133.001645),
	(4, '2010-02-07 23:59:00', 5226.051645),
	(4, '2010-03-07 23:59:00', 5463.631645),
	(4, '2010-04-07 23:59:00', 5915.041645),
	(4, '2010-05-07 23:59:00', 6400.391645),
	(4, '2010-06-07 23:59:00', 6839.791645),
	(4, '2010-07-07 23:59:00', 7396.481645),
	(4, '2010-08-07 23:59:00', 7935.931645),
	(4, '2010-09-07 23:59:00', 8402.201645),
	(4, '2010-10-07 23:59:00', 8782.921645),
	(4, '2010-11-07 23:59:00', 9066.981645),
	(4, '2010-12-07 23:59:00', 9174.331645),
	(4, '2010-01-08 23:59:00', 5133.001645),
	(4, '2010-02-08 23:59:00', 5229.941645),
	(4, '2010-03-08 23:59:00', 5487.211645),
	(4, '2010-04-08 23:59:00', 5939.591645),
	(4, '2010-05-08 23:59:00', 6417.821645),
	(4, '2010-06-08 23:59:00', 6864.591645),
	(4, '2010-07-08 23:59:00', 7421.791645),
	(4, '2010-08-08 23:59:00', 7945.571645),
	(4, '2010-09-08 23:59:00', 8409.201645),
	(4, '2010-10-08 23:59:00', 8788.521645),
	(4, '2010-11-08 23:59:00', 9070.621645),
	(4, '2010-12-08 23:59:00', 9178.551645),
	(4, '2010-01-09 23:59:00', 5133.001645),
	(4, '2010-02-09 23:59:00', 5229.941645),
	(4, '2010-03-09 23:59:00', 5502.611645),
	(4, '2010-04-09 23:59:00', 5959.231645),
	(4, '2010-05-09 23:59:00', 6434.211645),
	(4, '2010-06-09 23:59:00', 6888.861645),
	(4, '2010-07-09 23:59:00', 7447.011645),
	(4, '2010-08-09 23:59:00', 7967.931645),
	(4, '2010-09-09 23:59:00', 8421.551645),
	(4, '2010-10-09 23:59:00', 8807.191645),
	(4, '2010-11-09 23:59:00', 9084.821645),
	(4, '2010-12-09 23:59:00', 9178.551645),
	(4, '2010-01-10 23:59:00', 5133.001645),
	(4, '2010-02-10 23:59:00', 5230.441645),
	(4, '2010-03-10 23:59:00', 5520.761645),
	(4, '2010-04-10 23:59:00', 5971.711645),
	(4, '2010-05-10 23:59:00', 6443.561645),
	(4, '2010-06-10 23:59:00', 6910.641645),
	(4, '2010-07-10 23:59:00', 7470.811645),
	(4, '2010-08-10 23:59:00', 7991.261645),
	(4, '2010-09-10 23:59:00', 8434.951645),
	(4, '2010-10-10 23:59:00', 8828.181645),
	(4, '2010-11-10 23:59:00', 9096.221645),
	(4, '2010-12-10 23:59:00', 9178.551645),
	(4, '2010-01-11 23:59:00', 5133.001645),
	(4, '2010-02-11 23:59:00', 5230.441645),
	(4, '2010-03-11 23:59:00', 5524.761645),
	(4, '2010-04-11 23:59:00', 5984.701645),
	(4, '2010-05-11 23:59:00', 6465.881645),
	(4, '2010-06-11 23:59:00', 6936.531645),
	(4, '2010-07-11 23:59:00', 7493.211645),
	(4, '2010-08-11 23:59:00', 8008.031645),
	(4, '2010-09-11 23:59:00', 8456.641645),
	(4, '2010-10-11 23:59:00', 8849.351645),
	(4, '2010-11-11 23:59:00', 9105.351645),
	(4, '2010-12-11 23:59:00', 9178.551645),
	(4, '2010-01-12 23:59:00', 5133.001645),
	(4, '2010-02-12 23:59:00', 5230.441645),
	(4, '2010-03-12 23:59:00', 5528.761645),
	(4, '2010-04-12 23:59:00', 5997.601645),
	(4, '2010-05-12 23:59:00', 6478.011645),
	(4, '2010-06-12 23:59:00', 6954.431645),
	(4, '2010-07-12 23:59:00', 7515.311645),
	(4, '2010-08-12 23:59:00', 8018.711645),
	(4, '2010-09-12 23:59:00', 8478.101645),
	(4, '2010-10-12 23:59:00', 8869.891645),
	(4, '2010-11-12 23:59:00', 9107.581645),
	(4, '2010-12-12 23:59:00', 9180.951645),
	(4, '2010-01-13 23:59:00', 5133.001645),
	(4, '2010-02-13 23:59:00', 5230.441645),
	(4, '2010-03-13 23:59:00', 5532.761645),
	(4, '2010-04-13 23:59:00', 6013.021645),
	(4, '2010-05-13 23:59:00', 6484.331645),
	(4, '2010-06-13 23:59:00', 6962.051645),
	(4, '2010-07-13 23:59:00', 7538.571645),
	(4, '2010-08-13 23:59:00', 8026.261645),
	(4, '2010-09-13 23:59:00', 8480.961645),
	(4, '2010-10-13 23:59:00', 8878.031645),
	(4, '2010-11-13 23:59:00', 9122.731645),
	(4, '2010-12-13 23:59:00', 9181.951645),
	(4, '2010-01-14 23:59:00', 5133.001645),
	(4, '2010-02-14 23:59:00', 5230.441645),
	(4, '2010-03-14 23:59:00', 5536.761645),
	(4, '2010-04-14 23:59:00', 6017.521645),
	(4, '2010-05-14 23:59:00', 6490.651645),
	(4, '2010-06-14 23:59:00', 6979.081645),
	(4, '2010-07-14 23:59:00', 7563.401645),
	(4, '2010-08-14 23:59:00', 8037.801645),
	(4, '2010-09-14 23:59:00', 8490.961645),
	(4, '2010-10-14 23:59:00', 8882.881645),
	(4, '2010-11-14 23:59:00', 9138.311645),
	(4, '2010-12-14 23:59:00', 9181.951645),
	(4, '2010-01-15 23:59:00', 5133.001645),
	(4, '2010-02-15 23:59:00', 5230.441645),
	(4, '2010-03-15 23:59:00', 5540.761645),
	(4, '2010-04-15 23:59:00', 6029.521645),
	(4, '2010-05-15 23:59:00', 6496.711645),
	(4, '2010-06-15 23:59:00', 6989.201645),
	(4, '2010-07-15 23:59:00', 7573.431645),
	(4, '2010-08-15 23:59:00', 8054.151645),
	(4, '2010-09-15 23:59:00', 8500.961645),
	(4, '2010-10-15 23:59:00', 8885.721645),
	(4, '2010-11-15 23:59:00', 9143.401645),
	(4, '2010-12-15 23:59:00', 9181.951645),
	(4, '2010-01-16 23:59:00', 5133.001645),
	(4, '2010-02-16 23:59:00', 5236.941645),
	(4, '2010-03-16 23:59:00', 5552.761645),
	(4, '2010-04-16 23:59:00', 6045.701645),
	(4, '2010-05-16 23:59:00', 6506.931645),
	(4, '2010-06-16 23:59:00', 6994.091645),
	(4, '2010-07-16 23:59:00', 7597.211645),
	(4, '2010-08-16 23:59:00', 8067.121645),
	(4, '2010-09-16 23:59:00', 8515.351645),
	(4, '2010-10-16 23:59:00', 8888.711645),
	(4, '2010-11-16 23:59:00', 9144.241645),
	(4, '2010-12-16 23:59:00', 9181.951645),
	(4, '2010-01-17 23:59:00', 5134.801645),
	(4, '2010-02-17 23:59:00', 5250.101645),
	(4, '2010-03-17 23:59:00', 5572.761645),
	(4, '2010-04-17 23:59:00', 6071.321645),
	(4, '2010-05-17 23:59:00', 6519.631645),
	(4, '2010-06-17 23:59:00', 6998.251645),
	(4, '2010-07-17 23:59:00', 7606.561645),
	(4, '2010-08-17 23:59:00', 8078.121645),
	(4, '2010-09-17 23:59:00', 8530.431645),
	(4, '2010-10-17 23:59:00', 8891.871645),
	(4, '2010-11-17 23:59:00', 9145.351645),
	(4, '2010-12-17 23:59:00', 9181.951645),
	(4, '2010-01-18 23:59:00', 5139.951645),
	(4, '2010-02-18 23:59:00', 5258.781645),
	(4, '2010-03-18 23:59:00', 5592.661645),
	(4, '2010-04-18 23:59:00', 6085.221645),
	(4, '2010-05-18 23:59:00', 6530.441645),
	(4, '2010-06-18 23:59:00', 7002.591645),
	(4, '2010-07-18 23:59:00', 7622.231645),
	(4, '2010-08-18 23:59:00', 8084.021645),
	(4, '2010-09-18 23:59:00', 8545.431645),
	(4, '2010-10-18 23:59:00', 8894.201645),
	(4, '2010-11-18 23:59:00', 9148.531645),
	(4, '2010-12-18 23:59:00', 9181.951645),
	(4, '2010-01-19 23:59:00', 5152.751645),
	(4, '2010-02-19 23:59:00', 5262.351645),
	(4, '2010-03-19 23:59:00', 5610.661645),
	(4, '2010-04-19 23:59:00', 6107.991645),
	(4, '2010-05-19 23:59:00', 6539.771645),
	(4, '2010-06-19 23:59:00', 7011.671645),
	(4, '2010-07-19 23:59:00', 7648.331645),
	(4, '2010-08-19 23:59:00', 8101.401645),
	(4, '2010-09-19 23:59:00', 8563.351645),
	(4, '2010-10-19 23:59:00', 8905.951645),
	(4, '2010-11-19 23:59:00', 9150.571645),
	(4, '2010-12-19 23:59:00', 9182.951645),
	(4, '2010-01-20 23:59:00', 5153.821645),
	(4, '2010-02-20 23:59:00', 5273.061645),
	(4, '2010-03-20 23:59:00', 5624.061645),
	(4, '2010-04-20 23:59:00', 6127.131645),
	(4, '2010-05-20 23:59:00', 6544.321645),
	(4, '2010-06-20 23:59:00', 7021.731645),
	(4, '2010-07-20 23:59:00', 7674.381645),
	(4, '2010-08-20 23:59:00', 8124.041645),
	(4, '2010-09-20 23:59:00', 8585.281645),
	(4, '2010-10-20 23:59:00', 8913.231645),
	(4, '2010-11-20 23:59:00', 9155.991645),
	(4, '2010-12-20 23:59:00', 9186.951645),
	(4, '2010-01-21 23:59:00', 5154.821645),
	(4, '2010-02-21 23:59:00', 5293.311645),
	(4, '2010-03-21 23:59:00', 5643.561645),
	(4, '2010-04-21 23:59:00', 6148.891645),
	(4, '2010-05-21 23:59:00', 6556.711645),
	(4, '2010-06-21 23:59:00', 7032.571645),
	(4, '2010-07-21 23:59:00', 7697.611645),
	(4, '2010-08-21 23:59:00', 8146.451645),
	(4, '2010-09-21 23:59:00', 8607.331645),
	(4, '2010-10-21 23:59:00', 8923.961645),
	(4, '2010-11-21 23:59:00', 9157.161645),
	(4, '2010-12-21 23:59:00', 9186.951645),
	(4, '2010-01-22 23:59:00', 5157.321645),
	(4, '2010-02-22 23:59:00', 5300.911645),
	(4, '2010-03-22 23:59:00', 5647.061645),
	(4, '2010-04-22 23:59:00', 6175.511645),
	(4, '2010-05-22 23:59:00', 6574.141645),
	(4, '2010-06-22 23:59:00', 7047.031645),
	(4, '2010-07-22 23:59:00', 7719.611645),
	(4, '2010-08-22 23:59:00', 8169.901645),
	(4, '2010-09-22 23:59:00', 8629.211645),
	(4, '2010-10-22 23:59:00', 8937.461645),
	(4, '2010-11-22 23:59:00', 9157.661645),
	(4, '2010-12-22 23:59:00', 9186.951645),
	(4, '2010-01-23 23:59:00', 5158.821645),
	(4, '2010-02-23 23:59:00', 5309.411645),
	(4, '2010-03-23 23:59:00', 5671.061645),
	(4, '2010-04-23 23:59:00', 6198.511645),
	(4, '2010-05-23 23:59:00', 6596.751645),
	(4, '2010-06-23 23:59:00', 7067.601645),
	(4, '2010-07-23 23:59:00', 7726.181645),
	(4, '2010-08-23 23:59:00', 8180.461645),
	(4, '2010-09-23 23:59:00', 8650.171645),
	(4, '2010-10-23 23:59:00', 8941.971645),
	(4, '2010-11-23 23:59:00', 9158.161645),
	(4, '2010-12-23 23:59:00', 9186.951645),
	(4, '2010-01-24 23:59:00', 5160.521645),
	(4, '2010-02-24 23:59:00', 5319.271645),
	(4, '2010-03-24 23:59:00', 5694.421645),
	(4, '2010-04-24 23:59:00', 6225.011645),
	(4, '2010-05-24 23:59:00', 6624.021645),
	(4, '2010-06-24 23:59:00', 7090.491645),
	(4, '2010-07-24 23:59:00', 7730.171645),
	(4, '2010-08-24 23:59:00', 8195.981645),
	(4, '2010-09-24 23:59:00', 8666.321645),
	(4, '2010-10-24 23:59:00', 8945.691645),
	(4, '2010-11-24 23:59:00', 9159.701645),
	(4, '2010-12-24 23:59:00', 9186.951645),
	(4, '2010-01-25 23:59:00', 5162.221645),
	(4, '2010-02-25 23:59:00', 5338.161645),
	(4, '2010-03-25 23:59:00', 5713.391645),
	(4, '2010-04-25 23:59:00', 6249.611645),
	(4, '2010-05-25 23:59:00', 6645.191645),
	(4, '2010-06-25 23:59:00', 7115.011645),
	(4, '2010-07-25 23:59:00', 7754.031645),
	(4, '2010-08-25 23:59:00', 8217.351645),
	(4, '2010-09-25 23:59:00', 8686.351645),
	(4, '2010-10-25 23:59:00', 8947.731645),
	(4, '2010-11-25 23:59:00', 9165.801645),
	(4, '2010-12-25 23:59:00', 9186.951645),
	(4, '2010-01-26 23:59:00', 5162.721645),
	(4, '2010-02-26 23:59:00', 5343.561645),
	(4, '2010-03-26 23:59:00', 5731.391645),
	(4, '2010-04-26 23:59:00', 6262.411645),
	(4, '2010-05-26 23:59:00', 6661.191645),
	(4, '2010-06-26 23:59:00', 7137.911645),
	(4, '2010-07-26 23:59:00', 7766.541645),
	(4, '2010-08-26 23:59:00', 8240.201645),
	(4, '2010-09-26 23:59:00', 8693.791645),
	(4, '2010-10-26 23:59:00', 8960.251645),
	(4, '2010-11-26 23:59:00', 9166.001645),
	(4, '2010-12-26 23:59:00', 9186.951645),
	(4, '2010-01-27 23:59:00', 5163.221645),
	(4, '2010-02-27 23:59:00', 5364.361645),
	(4, '2010-03-27 23:59:00', 5748.721645),
	(4, '2010-04-27 23:59:00', 6283.391645),
	(4, '2010-05-27 23:59:00', 6677.191645),
	(4, '2010-06-27 23:59:00', 7161.831645),
	(4, '2010-07-27 23:59:00', 7780.091645),
	(4, '2010-08-27 23:59:00', 8253.701645),
	(4, '2010-09-27 23:59:00', 8698.251645),
	(4, '2010-10-27 23:59:00', 8978.111645),
	(4, '2010-11-27 23:59:00', 9167.911645),
	(4, '2010-12-27 23:59:00', 9186.951645),
	(4, '2010-01-28 23:59:00', 5163.721645),
	(4, '2010-02-28 23:59:00', 5367.461645),
	(4, '2010-03-28 23:59:00', 5755.721645),
	(4, '2010-04-28 23:59:00', 6309.541645),
	(4, '2010-05-28 23:59:00', 6693.191645),
	(4, '2010-06-28 23:59:00', 7187.071645),
	(4, '2010-07-28 23:59:00', 7791.901645),
	(4, '2010-08-28 23:59:00', 8267.201645),
	(4, '2010-09-28 23:59:00', 8703.031645),
	(4, '2010-10-28 23:59:00', 8986.971645),
	(4, '2010-11-28 23:59:00', 9170.431645),
	(4, '2010-12-28 23:59:00', 9186.951645),
	(4, '2010-01-29 23:59:00', 5164.221645),
	(4, '2010-03-29 23:59:00', 5770.301645),
	(4, '2010-04-29 23:59:00', 6334.921645),
	(4, '2010-05-29 23:59:00', 6709.191645),
	(4, '2010-06-29 23:59:00', 7211.261645),
	(4, '2010-07-29 23:59:00', 7802.181645),
	(4, '2010-08-29 23:59:00', 8280.701645),
	(4, '2010-09-29 23:59:00', 8710.081645),
	(4, '2010-10-29 23:59:00', 9004.271645),
	(4, '2010-11-29 23:59:00', 9170.431645),
	(4, '2010-12-29 23:59:00', 9186.951645),
	(4, '2010-01-30 23:59:00', 5167.221645),
	(4, '2010-03-30 23:59:00', 5786.701645),
	(4, '2010-04-30 23:59:00', 6352.921645),
	(4, '2010-05-30 23:59:00', 6722.971645),
	(4, '2010-06-30 23:59:00', 7235.891645),
	(4, '2010-07-30 23:59:00', 7814.111645),
	(4, '2010-08-30 23:59:00', 8294.201645),
	(4, '2010-09-30 23:59:00', 8719.611645),
	(4, '2010-10-30 23:59:00', 9013.541645),
	(4, '2010-11-30 23:59:00', 9170.431645),
	(4, '2010-12-30 23:59:00', 9186.951645),
	(4, '2010-01-31 23:59:00', 5177.221645),
	(4, '2010-03-31 23:59:00', 5803.701645),
	(4, '2010-05-31 23:59:00', 6733.521645),
	(4, '2010-07-31 23:59:00', 7840.021645),
	(4, '2010-08-31 23:59:00', 8307.701645),
	(4, '2010-10-31 23:59:00', 9022.811645),
	(4, '2010-12-31 23:59:00', 9186.951645),
	(4, '2009-01-01 23:59:00', 702.0216452),
	(4, '2009-02-01 23:59:00', 887.6016452),
	(4, '2009-03-01 23:59:00', 1038.091645),
	(4, '2009-04-01 23:59:00', 1289.331645),
	(4, '2009-05-01 23:59:00', 1864.201645),
	(4, '2009-06-01 23:59:00', 2437.501645),
	(4, '2009-07-01 23:59:00', 2977.121645),
	(4, '2009-08-01 23:59:00', 3515.501645),
	(4, '2009-09-01 23:59:00', 4115.641645),
	(4, '2009-10-01 23:59:00', 4564.731645),
	(4, '2009-11-01 23:59:00', 4844.351645),
	(4, '2009-12-01 23:59:00', 5034.091645),
	(4, '2009-01-02 23:59:00', 703.2916452),
	(4, '2009-02-02 23:59:00', 890.3316452),
	(4, '2009-03-02 23:59:00', 1041.601645),
	(4, '2009-04-02 23:59:00', 1311.501645),
	(4, '2009-05-02 23:59:00', 1880.331645),
	(4, '2009-06-02 23:59:00', 2457.411645),
	(4, '2009-07-02 23:59:00', 2995.831645),
	(4, '2009-08-02 23:59:00', 3530.231645),
	(4, '2009-09-02 23:59:00', 4128.501645),
	(4, '2009-10-02 23:59:00', 4573.531645),
	(4, '2009-11-02 23:59:00', 4845.711645),
	(4, '2009-12-02 23:59:00', 5036.191645),
	(4, '2009-01-03 23:59:00', 715.5416452),
	(4, '2009-02-03 23:59:00', 902.0216452),
	(4, '2009-03-03 23:59:00', 1046.051645),
	(4, '2009-04-03 23:59:00', 1333.041645),
	(4, '2009-05-03 23:59:00', 1906.261645),
	(4, '2009-06-03 23:59:00', 2483.861645),
	(4, '2009-07-03 23:59:00', 3010.011645),
	(4, '2009-08-03 23:59:00', 3537.591645),
	(4, '2009-09-03 23:59:00', 4144.341645),
	(4, '2009-10-03 23:59:00', 4592.461645),
	(4, '2009-11-03 23:59:00', 4854.211645),
	(4, '2009-12-03 23:59:00', 5048.291645),
	(4, '2009-01-04 23:59:00', 725.0616452),
	(4, '2009-02-04 23:59:00', 916.7916452),
	(4, '2009-03-04 23:59:00', 1057.861645),
	(4, '2009-04-04 23:59:00', 1344.211645),
	(4, '2009-05-04 23:59:00', 1915.931645),
	(4, '2009-06-04 23:59:00', 2506.001645),
	(4, '2009-07-04 23:59:00', 3027.401645),
	(4, '2009-08-04 23:59:00', 3552.711645),
	(4, '2009-09-04 23:59:00', 4152.501645),
	(4, '2009-10-04 23:59:00', 4611.351645),
	(4, '2009-11-04 23:59:00', 4863.731645),
	(4, '2009-12-04 23:59:00', 5049.971645),
	(4, '2009-01-05 23:59:00', 726.5716452),
	(4, '2009-02-05 23:59:00', 928.4316452),
	(4, '2009-03-05 23:59:00', 1059.111645),
	(4, '2009-04-05 23:59:00', 1360.251645),
	(4, '2009-05-05 23:59:00', 1931.371645),
	(4, '2009-06-05 23:59:00', 2532.481645),
	(4, '2009-07-05 23:59:00', 3044.501645),
	(4, '2009-08-05 23:59:00', 3576.831645),
	(4, '2009-09-05 23:59:00', 4164.811645),
	(4, '2009-10-05 23:59:00', 4621.681645),
	(4, '2009-11-05 23:59:00', 4876.731645),
	(4, '2009-12-05 23:59:00', 5055.471645),
	(4, '2009-01-06 23:59:00', 726.6616452),
	(4, '2009-02-06 23:59:00', 930.4016452),
	(4, '2009-03-06 23:59:00', 1060.281645),
	(4, '2009-04-06 23:59:00', 1381.531645),
	(4, '2009-05-06 23:59:00', 1941.341645),
	(4, '2009-06-06 23:59:00', 2540.481645),
	(4, '2009-07-06 23:59:00', 3057.821645),
	(4, '2009-08-06 23:59:00', 3600.991645),
	(4, '2009-09-06 23:59:00', 4184.961645),
	(4, '2009-10-06 23:59:00', 4631.591645),
	(4, '2009-11-06 23:59:00', 4890.931645),
	(4, '2009-12-06 23:59:00', 5058.501645),
	(4, '2009-01-07 23:59:00', 727.1616452),
	(4, '2009-02-07 23:59:00', 934.8916452),
	(4, '2009-03-07 23:59:00', 1060.321645),
	(4, '2009-04-07 23:59:00', 1404.141645),
	(4, '2009-05-07 23:59:00', 1968.221645),
	(4, '2009-06-07 23:59:00', 2566.051645),
	(4, '2009-07-07 23:59:00', 3067.001645),
	(4, '2009-08-07 23:59:00', 3625.901645),
	(4, '2009-09-07 23:59:00', 4207.881645),
	(4, '2009-10-07 23:59:00', 4650.451645),
	(4, '2009-11-07 23:59:00', 4896.831645),
	(4, '2009-12-07 23:59:00', 5060.261645),
	(4, '2009-01-08 23:59:00', 734.6216452),
	(4, '2009-02-08 23:59:00', 936.3616452),
	(4, '2009-03-08 23:59:00', 1064.161645),
	(4, '2009-04-08 23:59:00', 1421.611645),
	(4, '2009-05-08 23:59:00', 1988.011645),
	(4, '2009-06-08 23:59:00', 2587.531645),
	(4, '2009-07-08 23:59:00', 3085.501645),
	(4, '2009-08-08 23:59:00', 3645.381645),
	(4, '2009-09-08 23:59:00', 4231.261645),
	(4, '2009-10-08 23:59:00', 4655.761645),
	(4, '2009-11-08 23:59:00', 4897.961645),
	(4, '2009-12-08 23:59:00', 5061.781645),
	(4, '2009-01-09 23:59:00', 738.8216452),
	(4, '2009-02-09 23:59:00', 944.4716452),
	(4, '2009-03-09 23:59:00', 1072.701645),
	(4, '2009-04-09 23:59:00', 1445.731645),
	(4, '2009-05-09 23:59:00', 2012.501645),
	(4, '2009-06-09 23:59:00', 2596.971645),
	(4, '2009-07-09 23:59:00', 3101.501645),
	(4, '2009-08-09 23:59:00', 3659.121645),
	(4, '2009-09-09 23:59:00', 4254.501645),
	(4, '2009-10-09 23:59:00', 4658.011645),
	(4, '2009-11-09 23:59:00', 4900.161645),
	(4, '2009-12-09 23:59:00', 5070.061645),
	(4, '2009-01-10 23:59:00', 750.8916452),
	(4, '2009-02-10 23:59:00', 949.4716452),
	(4, '2009-03-10 23:59:00', 1080.131645),
	(4, '2009-04-10 23:59:00', 1469.791645),
	(4, '2009-05-10 23:59:00', 2033.501645),
	(4, '2009-06-10 23:59:00', 2618.271645),
	(4, '2009-07-10 23:59:00', 3118.901645),
	(4, '2009-08-10 23:59:00', 3671.451645),
	(4, '2009-09-10 23:59:00', 4276.931645),
	(4, '2009-10-10 23:59:00', 4662.091645),
	(4, '2009-11-10 23:59:00', 4901.261645),
	(4, '2009-12-10 23:59:00', 5070.611645),
	(4, '2009-01-11 23:59:00', 757.7516452),
	(4, '2009-02-11 23:59:00', 954.5616452),
	(4, '2009-03-11 23:59:00', 1085.871645),
	(4, '2009-04-11 23:59:00', 1494.611645),
	(4, '2009-05-11 23:59:00', 2049.341645),
	(4, '2009-06-11 23:59:00', 2640.501645),
	(4, '2009-07-11 23:59:00', 3139.731645),
	(4, '2009-08-11 23:59:00', 3686.361645),
	(4, '2009-09-11 23:59:00', 4284.501645),
	(4, '2009-10-11 23:59:00', 4673.861645),
	(4, '2009-11-11 23:59:00', 4902.591645),
	(4, '2009-12-11 23:59:00', 5071.011645),
	(4, '2009-01-12 23:59:00', 770.6916452),
	(4, '2009-02-12 23:59:00', 956.1916452),
	(4, '2009-03-12 23:59:00', 1091.301645),
	(4, '2009-04-12 23:59:00', 1519.291645),
	(4, '2009-05-12 23:59:00', 2056.961645),
	(4, '2009-06-12 23:59:00', 2662.931645),
	(4, '2009-07-12 23:59:00', 3153.001645),
	(4, '2009-08-12 23:59:00', 3708.691645),
	(4, '2009-09-12 23:59:00', 4296.651645),
	(4, '2009-10-12 23:59:00', 4678.261645),
	(4, '2009-11-12 23:59:00', 4908.271645),
	(4, '2009-12-12 23:59:00', 5071.051645),
	(4, '2009-01-13 23:59:00', 784.1316452),
	(4, '2009-02-13 23:59:00', 956.1916452),
	(4, '2009-03-13 23:59:00', 1096.641645),
	(4, '2009-04-13 23:59:00', 1541.581645),
	(4, '2009-05-13 23:59:00', 2066.961645),
	(4, '2009-06-13 23:59:00', 2688.601645),
	(4, '2009-07-13 23:59:00', 3170.501645),
	(4, '2009-08-13 23:59:00', 3719.101645),
	(4, '2009-09-13 23:59:00', 4317.521645),
	(4, '2009-10-13 23:59:00', 4687.491645),
	(4, '2009-11-13 23:59:00', 4918.291645),
	(4, '2009-12-13 23:59:00', 5071.051645),
	(4, '2009-01-14 23:59:00', 788.2116452),
	(4, '2009-02-14 23:59:00', 957.0316452),
	(4, '2009-03-14 23:59:00', 1110.331645),
	(4, '2009-04-14 23:59:00', 1564.101645),
	(4, '2009-05-14 23:59:00', 2076.461645),
	(4, '2009-06-14 23:59:00', 2711.871645),
	(4, '2009-07-14 23:59:00', 3185.401645),
	(4, '2009-08-14 23:59:00', 3736.181645),
	(4, '2009-09-14 23:59:00', 4322.551645),
	(4, '2009-10-14 23:59:00', 4694.041645),
	(4, '2009-11-14 23:59:00', 4922.581645),
	(4, '2009-12-14 23:59:00', 5071.051645),
	(4, '2009-01-15 23:59:00', 793.8916452),
	(4, '2009-02-15 23:59:00', 960.7016452),
	(4, '2009-03-15 23:59:00', 1112.751645),
	(4, '2009-04-15 23:59:00', 1588.691645),
	(4, '2009-05-15 23:59:00', 2081.831645),
	(4, '2009-06-15 23:59:00', 2720.501645),
	(4, '2009-07-15 23:59:00', 3194.981645),
	(4, '2009-08-15 23:59:00', 3758.561645),
	(4, '2009-09-15 23:59:00', 4334.691645),
	(4, '2009-10-15 23:59:00', 4699.911645),
	(4, '2009-11-15 23:59:00', 4926.801645),
	(4, '2009-12-15 23:59:00', 5071.051645),
	(4, '2009-01-16 23:59:00', 795.4116452),
	(4, '2009-02-16 23:59:00', 964.6016452),
	(4, '2009-03-16 23:59:00', 1119.101645),
	(4, '2009-04-16 23:59:00', 1605.871645),
	(4, '2009-05-16 23:59:00', 2100.501645),
	(4, '2009-06-16 23:59:00', 2744.501645),
	(4, '2009-07-16 23:59:00', 3217.101645),
	(4, '2009-08-16 23:59:00', 3780.941645),
	(4, '2009-09-16 23:59:00', 4348.961645),
	(4, '2009-10-16 23:59:00', 4705.711645),
	(4, '2009-11-16 23:59:00', 4928.621645),
	(4, '2009-12-16 23:59:00', 5071.051645),
	(4, '2009-01-17 23:59:00', 809.1616452),
	(4, '2009-02-17 23:59:00', 964.6016452),
	(4, '2009-03-17 23:59:00', 1130.321645),
	(4, '2009-04-17 23:59:00', 1613.701645),
	(4, '2009-05-17 23:59:00', 2126.661645),
	(4, '2009-06-17 23:59:00', 2771.661645),
	(4, '2009-07-17 23:59:00', 3228.601645),
	(4, '2009-08-17 23:59:00', 3803.321645),
	(4, '2009-09-17 23:59:00', 4353.501645),
	(4, '2009-10-17 23:59:00', 4708.611645),
	(4, '2009-11-17 23:59:00', 4936.141645),
	(4, '2009-12-17 23:59:00', 5071.051645),
	(4, '2009-01-18 23:59:00', 810.9916452),
	(4, '2009-02-18 23:59:00', 965.5316452),
	(4, '2009-03-18 23:59:00', 1152.521645),
	(4, '2009-04-18 23:59:00', 1627.571645),
	(4, '2009-05-18 23:59:00', 2139.661645),
	(4, '2009-06-18 23:59:00', 2794.061645),
	(4, '2009-07-18 23:59:00', 3232.911645),
	(4, '2009-08-18 23:59:00', 3825.701645),
	(4, '2009-09-18 23:59:00', 4360.431645),
	(4, '2009-10-18 23:59:00', 4715.151645),
	(4, '2009-11-18 23:59:00', 4947.551645),
	(4, '2009-12-18 23:59:00', 5071.051645),
	(4, '2009-01-19 23:59:00', 812.8116452),
	(4, '2009-02-19 23:59:00', 968.9616452),
	(4, '2009-03-19 23:59:00', 1164.101645),
	(4, '2009-04-19 23:59:00', 1654.021645),
	(4, '2009-05-19 23:59:00', 2166.501645),
	(4, '2009-06-19 23:59:00', 2799.301645),
	(4, '2009-07-19 23:59:00', 3251.931645),
	(4, '2009-08-19 23:59:00', 3849.191645),
	(4, '2009-09-19 23:59:00', 4372.611645),
	(4, '2009-10-19 23:59:00', 4723.141645),
	(4, '2009-11-19 23:59:00', 4962.261645),
	(4, '2009-12-19 23:59:00', 5072.051645),
	(4, '2009-01-20 23:59:00', 813.8816452),
	(4, '2009-02-20 23:59:00', 969.4516452),
	(4, '2009-03-20 23:59:00', 1173.401645),
	(4, '2009-04-20 23:59:00', 1677.471645),
	(4, '2009-05-20 23:59:00', 2192.761645),
	(4, '2009-06-20 23:59:00', 2816.821645),
	(4, '2009-07-20 23:59:00', 3266.181645),
	(4, '2009-08-20 23:59:00', 3872.271645),
	(4, '2009-09-20 23:59:00', 4385.101645),
	(4, '2009-10-20 23:59:00', 4740.141645),
	(4, '2009-11-20 23:59:00', 4968.861645),
	(4, '2009-12-20 23:59:00', 5072.051645),
	(4, '2009-01-21 23:59:00', 813.9616452),
	(4, '2009-02-21 23:59:00', 970.2016452),
	(4, '2009-03-21 23:59:00', 1189.851645),
	(4, '2009-04-21 23:59:00', 1700.871645),
	(4, '2009-05-21 23:59:00', 2209.501645),
	(4, '2009-06-21 23:59:00', 2836.491645),
	(4, '2009-07-21 23:59:00', 3291.181645),
	(4, '2009-08-21 23:59:00', 3888.761645),
	(4, '2009-09-21 23:59:00', 4404.351645),
	(4, '2009-10-21 23:59:00', 4751.181645),
	(4, '2009-11-21 23:59:00', 4978.751645),
	(4, '2009-12-21 23:59:00', 5073.051645),
	(4, '2009-01-22 23:59:00', 822.5216452),
	(4, '2009-02-22 23:59:00', 970.7616452),
	(4, '2009-03-22 23:59:00', 1207.241645),
	(4, '2009-04-22 23:59:00', 1722.501645),
	(4, '2009-05-22 23:59:00', 2227.341645),
	(4, '2009-06-22 23:59:00', 2846.791645),
	(4, '2009-07-22 23:59:00', 3307.301645),
	(4, '2009-08-22 23:59:00', 3897.291645),
	(4, '2009-09-22 23:59:00', 4420.761645),
	(4, '2009-10-22 23:59:00', 4754.561645),
	(4, '2009-11-22 23:59:00', 4986.831645),
	(4, '2009-12-22 23:59:00', 5077.491645),
	(4, '2009-01-23 23:59:00', 824.2216452),
	(4, '2009-02-23 23:59:00', 975.3816452),
	(4, '2009-03-23 23:59:00', 1215.521645),
	(4, '2009-04-23 23:59:00', 1736.681645),
	(4, '2009-05-23 23:59:00', 2254.661645),
	(4, '2009-06-23 23:59:00', 2849.441645),
	(4, '2009-07-23 23:59:00', 3326.881645),
	(4, '2009-08-23 23:59:00', 3922.461645),
	(4, '2009-09-23 23:59:00', 4437.801645),
	(4, '2009-10-23 23:59:00', 4757.801645),
	(4, '2009-11-23 23:59:00', 4992.751645),
	(4, '2009-12-23 23:59:00', 5081.691645),
	(4, '2009-01-24 23:59:00', 838.7816452),
	(4, '2009-02-24 23:59:00', 979.4016452),
	(4, '2009-03-24 23:59:00', 1223.251645),
	(4, '2009-04-24 23:59:00', 1758.861645),
	(4, '2009-05-24 23:59:00', 2274.501645),
	(4, '2009-06-24 23:59:00', 2852.601645),
	(4, '2009-07-24 23:59:00', 3347.171645),
	(4, '2009-08-24 23:59:00', 3942.691645),
	(4, '2009-09-24 23:59:00', 4454.731645),
	(4, '2009-10-24 23:59:00', 4766.051645),
	(4, '2009-11-24 23:59:00', 5009.051645),
	(4, '2009-12-24 23:59:00', 5085.891645),
	(4, '2009-01-25 23:59:00', 852.2116452),
	(4, '2009-02-25 23:59:00', 997.2616452),
	(4, '2009-03-25 23:59:00', 1229.371645),
	(4, '2009-04-25 23:59:00', 1783.501645),
	(4, '2009-05-25 23:59:00', 2299.141645),
	(4, '2009-06-25 23:59:00', 2864.971645),
	(4, '2009-07-25 23:59:00', 3364.041645),
	(4, '2009-08-25 23:59:00', 3962.921645),
	(4, '2009-09-25 23:59:00', 4470.021645),
	(4, '2009-10-25 23:59:00', 4772.601645),
	(4, '2009-11-25 23:59:00', 5010.251645),
	(4, '2009-12-25 23:59:00', 5090.091645),
	(4, '2009-01-26 23:59:00', 866.4316452),
	(4, '2009-02-26 23:59:00', 1002.051645),
	(4, '2009-03-26 23:59:00', 1236.111645),
	(4, '2009-04-26 23:59:00', 1802.281645),
	(4, '2009-05-26 23:59:00', 2321.141645),
	(4, '2009-06-26 23:59:00', 2884.631645),
	(4, '2009-07-26 23:59:00', 3390.001645),
	(4, '2009-08-26 23:59:00', 3983.151645),
	(4, '2009-09-26 23:59:00', 4489.521645),
	(4, '2009-10-26 23:59:00', 4778.431645),
	(4, '2009-11-26 23:59:00', 5014.741645),
	(4, '2009-12-26 23:59:00', 5094.291645),
	(4, '2009-01-27 23:59:00', 868.1016452),
	(4, '2009-02-27 23:59:00', 1005.921645),
	(4, '2009-03-27 23:59:00', 1246.351645),
	(4, '2009-04-27 23:59:00', 1821.471645),
	(4, '2009-05-27 23:59:00', 2338.521645),
	(4, '2009-06-27 23:59:00', 2897.941645),
	(4, '2009-07-27 23:59:00', 3415.551645),
	(4, '2009-08-27 23:59:00', 4003.381645),
	(4, '2009-09-27 23:59:00', 4509.571645),
	(4, '2009-10-27 23:59:00', 4790.181645),
	(4, '2009-11-27 23:59:00', 5024.941645),
	(4, '2009-12-27 23:59:00', 5098.491645),
	(4, '2009-01-28 23:59:00', 869.1116452),
	(4, '2009-02-28 23:59:00', 1023.821645),
	(4, '2009-03-28 23:59:00', 1257.341645),
	(4, '2009-04-28 23:59:00', 1826.171645),
	(4, '2009-05-28 23:59:00', 2350.371645),
	(4, '2009-06-28 23:59:00', 2911.341645),
	(4, '2009-07-28 23:59:00', 3435.421645),
	(4, '2009-08-28 23:59:00', 4023.611645),
	(4, '2009-09-28 23:59:00', 4526.271645),
	(4, '2009-10-28 23:59:00', 4803.061645),
	(4, '2009-11-28 23:59:00', 5025.201645),
	(4, '2009-12-28 23:59:00', 5102.691645),
	(4, '2009-01-29 23:59:00', 873.1016452),
	(4, '2009-03-29 23:59:00', 1263.131645),
	(4, '2009-04-29 23:59:00', 1834.851645),
	(4, '2009-05-29 23:59:00', 2374.121645),
	(4, '2009-06-29 23:59:00', 2933.801645),
	(4, '2009-07-29 23:59:00', 3461.321645),
	(4, '2009-08-29 23:59:00', 4043.841645),
	(4, '2009-09-29 23:59:00', 4542.341645),
	(4, '2009-10-29 23:59:00', 4819.211645),
	(4, '2009-11-29 23:59:00', 5032.031645),
	(4, '2009-12-29 23:59:00', 5106.891645),
	(4, '2009-01-30 23:59:00', 875.0516452),
	(4, '2009-03-30 23:59:00', 1270.891645),
	(4, '2009-04-30 23:59:00', 1840.241645),
	(4, '2009-05-30 23:59:00', 2392.121645),
	(4, '2009-06-30 23:59:00', 2957.471645),
	(4, '2009-07-30 23:59:00', 3474.121645),
	(4, '2009-08-30 23:59:00', 4068.161645),
	(4, '2009-09-30 23:59:00', 4548.971645),
	(4, '2009-10-30 23:59:00', 4826.201645),
	(4, '2009-11-30 23:59:00', 5032.591645),
	(4, '2009-12-30 23:59:00', 5107.891645),
	(4, '2009-01-31 23:59:00', 885.4916452),
	(4, '2009-03-31 23:59:00', 1278.991645),
	(4, '2009-05-31 23:59:00', 2417.501645),
	(4, '2009-07-31 23:59:00', 3491.591645),
	(4, '2009-08-31 23:59:00', 4092.501645),
	(4, '2009-10-31 23:59:00', 4831.201645),
	(4, '2009-12-31 23:59:00', 5109.891645),
	(4, '2008-10-01 23:59:00', 93.70164516),
	(4, '2008-11-01 23:59:00', 385.7016452),
	(4, '2008-12-01 23:59:00', 565.5616452),
	(4, '2008-10-02 23:59:00', 101.5716452),
	(4, '2008-11-02 23:59:00', 396.4316452),
	(4, '2008-12-02 23:59:00', 572.0716452),
	(4, '2008-10-03 23:59:00', 104.6716452),
	(4, '2008-11-03 23:59:00', 404.4616452),
	(4, '2008-12-03 23:59:00', 584.7216452),
	(4, '2008-10-04 23:59:00', 112.1016452),
	(4, '2008-11-04 23:59:00', 406.4616452),
	(4, '2008-12-04 23:59:00', 590.2916452),
	(4, '2008-10-05 23:59:00', 133.0616452),
	(4, '2008-11-05 23:59:00', 415.0816452),
	(4, '2008-12-05 23:59:00', 593.3016452),
	(4, '2008-10-06 23:59:00', 146.5616452),
	(4, '2008-11-06 23:59:00', 417.6016452),
	(4, '2008-12-06 23:59:00', 596.9016452),
	(4, '2008-10-07 23:59:00', 160.7816452),
	(4, '2008-11-07 23:59:00', 420.0916452),
	(4, '2008-12-07 23:59:00', 598.1116452),
	(4, '2008-10-08 23:59:00', 178.0816452),
	(4, '2008-11-08 23:59:00', 424.5016452),
	(4, '2008-12-08 23:59:00', 609.5016452),
	(4, '2008-10-09 23:59:00', 185.0816452),
	(4, '2008-11-09 23:59:00', 433.6916452),
	(4, '2008-12-09 23:59:00', 621.3916452),
	(4, '2008-10-10 23:59:00', 191.0016452),
	(4, '2008-11-10 23:59:00', 447.1516452),
	(4, '2008-12-10 23:59:00', 621.8416452),
	(4, '2008-10-11 23:59:00', 197.9016452),
	(4, '2008-11-11 23:59:00', 457.5916452),
	(4, '2008-12-11 23:59:00', 621.8916452),
	(4, '2008-10-12 23:59:00', 214.9016452),
	(4, '2008-11-12 23:59:00', 459.9916452),
	(4, '2008-12-12 23:59:00', 621.8916452),
	(4, '2008-10-13 23:59:00', 230.5316452),
	(4, '2008-11-13 23:59:00', 462.0616452),
	(4, '2008-12-13 23:59:00', 621.8916452),
	(4, '2008-10-14 23:59:00', 240.0316452),
	(4, '2008-11-14 23:59:00', 465.5016452),
	(4, '2008-12-14 23:59:00', 623.5716452),
	(4, '2008-10-15 23:59:00', 250.0316452),
	(4, '2008-11-15 23:59:00', 480.0616452),
	(4, '2008-12-15 23:59:00', 631.7816452),
	(4, '2008-10-16 23:59:00', 252.3316452),
	(4, '2008-11-16 23:59:00', 481.7116452),
	(4, '2008-12-16 23:59:00', 633.4316452),
	(4, '2008-10-17 23:59:00', 268.6316452),
	(4, '2008-11-17 23:59:00', 494.0216452),
	(4, '2008-12-17 23:59:00', 634.6916452),
	(4, '2008-09-18 23:59:00', 10.74032903),
	(4, '2008-10-18 23:59:00', 287.7316452),
	(4, '2008-11-18 23:59:00', 498.2416452),
	(4, '2008-12-18 23:59:00', 634.8516452),
	(4, '2008-09-19 23:59:00', 16.98710538),
	(4, '2008-10-19 23:59:00', 305.4316452),
	(4, '2008-11-19 23:59:00', 500.3416452),
	(4, '2008-12-19 23:59:00', 635.8116452),
	(4, '2008-09-20 23:59:00', 23.23388172),
	(4, '2008-10-20 23:59:00', 323.9316452),
	(4, '2008-11-20 23:59:00', 506.6916452),
	(4, '2008-12-20 23:59:00', 636.4616452),
	(4, '2008-09-21 23:59:00', 29.48065806),
	(4, '2008-10-21 23:59:00', 332.9316452),
	(4, '2008-11-21 23:59:00', 507.1716452),
	(4, '2008-12-21 23:59:00', 636.9016452),
	(4, '2008-09-22 23:59:00', 35.72743441),
	(4, '2008-10-22 23:59:00', 334.5716452),
	(4, '2008-11-22 23:59:00', 510.4116452),
	(4, '2008-12-22 23:59:00', 638.2216452),
	(4, '2008-09-23 23:59:00', 41.97421075),
	(4, '2008-10-23 23:59:00', 341.4316452),
	(4, '2008-11-23 23:59:00', 517.1816452),
	(4, '2008-12-23 23:59:00', 643.9416452),
	(4, '2008-09-24 23:59:00', 48.2209871),
	(4, '2008-10-24 23:59:00', 345.4316452),
	(4, '2008-11-24 23:59:00', 517.7516452),
	(4, '2008-12-24 23:59:00', 648.0716452),
	(4, '2008-09-25 23:59:00', 54.46776344),
	(4, '2008-10-25 23:59:00', 359.3316452),
	(4, '2008-11-25 23:59:00', 523.4216452),
	(4, '2008-12-25 23:59:00', 654.4716452),
	(4, '2008-09-26 23:59:00', 60.71453978),
	(4, '2008-10-26 23:59:00', 365.7316452),
	(4, '2008-11-26 23:59:00', 529.8616452),
	(4, '2008-12-26 23:59:00', 660.8716452),
	(4, '2008-09-27 23:59:00', 66.96131613),
	(4, '2008-10-27 23:59:00', 368.9316452),
	(4, '2008-11-27 23:59:00', 543.4716452),
	(4, '2008-12-27 23:59:00', 667.2716452),
	(4, '2008-09-28 23:59:00', 73.20809247),
	(4, '2008-10-28 23:59:00', 370.9316452),
	(4, '2008-11-28 23:59:00', 547.4716452),
	(4, '2008-12-28 23:59:00', 673.6716452),
	(4, '2008-09-29 23:59:00', 79.45486882),
	(4, '2008-10-29 23:59:00', 372.3316452),
	(4, '2008-11-29 23:59:00', 554.4216452),
	(4, '2008-12-29 23:59:00', 680.0716452),
	(4, '2008-09-30 23:59:00', 85.70164516),
	(4, '2008-10-30 23:59:00', 374.5316452),
	(4, '2008-11-30 23:59:00', 563.5216452),
	(4, '2008-12-30 23:59:00', 686.4716452),
	(4, '2008-10-31 23:59:00', 377.4016452),
	(4, '2008-12-31 23:59:00', 693.5016452),
	(1, '2016-11-15 23:59:02', 3373.4794),
	(1, '2016-11-16 23:59:03', 3374.8499),
	(1, '2016-11-17 23:59:02', 3378.99),
	(1, '2016-11-18 23:59:04', 3381.4353),
	(1, '2016-11-19 23:59:05', 3382.4037),
	(1, '2016-11-20 23:59:04', 3391.8577),
	(1, '2016-11-21 23:59:03', 3395.8508),
	(1, '2016-11-22 23:59:04', 3399.1793),
	(1, '2016-11-23 23:59:04', 3404.4794);
/*!40000 ALTER TABLE `leistung` ENABLE KEYS */;


-- Exportiere Struktur von Tabelle stromzaehler.leistung_bezug
CREATE TABLE IF NOT EXISTS `leistung_bezug` (
  `zaehlerid` int(11) DEFAULT NULL,
  `time` timestamp NULL DEFAULT NULL,
  `leistung` double DEFAULT NULL,
  KEY `zeahlerid` (`zaehlerid`),
  CONSTRAINT `leistung_bezug_ibfk_1` FOREIGN KEY (`zaehlerid`) REFERENCES `zaehler` (`ID`)
) ENGINE=InnoDB DEFAULT CHARSET=utf8 ROW_FORMAT=COMPACT;

-- Exportiere Daten aus Tabelle stromzaehler.leistung_bezug: ~252 rows (ungefähr)
/*!40000 ALTER TABLE `leistung_bezug` DISABLE KEYS */;
INSERT INTO `leistung_bezug` (`zaehlerid`, `time`, `leistung`) VALUES
	(2, '2016-11-19 23:59:05', 1928.0504),
	(2, '2016-11-20 23:59:04', 1941.3894),
	(2, '2016-11-21 23:59:03', 1948.3937),
	(2, '2016-11-22 23:59:04', 1955.7686),
	(2, '2016-11-23 23:59:04', 1963.7786),
	(2, '2016-04-01 23:59:00', 10.003),
	(2, '2016-05-01 23:59:00', 282.99425),
	(2, '2016-06-01 23:59:00', 552.6696667),
	(2, '2016-07-01 23:59:00', 805.003),
	(2, '2016-08-01 23:59:00', 1062.128),
	(2, '2016-09-01 23:59:00', 1291.003),
	(2, '2016-10-01 23:59:00', 1564.318789),
	(2, '2016-11-01 23:59:00', 1833.266),
	(2, '2016-04-02 23:59:00', 20.003),
	(2, '2016-05-02 23:59:00', 292.9955),
	(2, '2016-06-02 23:59:00', 559.5585556),
	(2, '2016-07-02 23:59:00', 814.003),
	(2, '2016-08-02 23:59:00', 1070.253),
	(2, '2016-09-02 23:59:00', 1299.780778),
	(2, '2016-10-02 23:59:00', 1573.634579),
	(2, '2016-11-02 23:59:00', 1838.529),
	(2, '2016-04-03 23:59:00', 30.003),
	(2, '2016-05-03 23:59:00', 302.99675),
	(2, '2016-06-03 23:59:00', 566.4474444),
	(2, '2016-07-03 23:59:00', 823.003),
	(2, '2016-08-03 23:59:00', 1078.378),
	(2, '2016-09-03 23:59:00', 1308.558556),
	(2, '2016-10-03 23:59:00', 1582.950368),
	(2, '2016-11-03 23:59:00', 1843.792),
	(2, '2016-04-04 23:59:00', 40.003),
	(2, '2016-05-04 23:59:00', 312.998),
	(2, '2016-06-04 23:59:00', 573.3363333),
	(2, '2016-07-04 23:59:00', 832.003),
	(2, '2016-08-04 23:59:00', 1086.503),
	(2, '2016-09-04 23:59:00', 1317.336333),
	(2, '2016-10-04 23:59:00', 1592.266158),
	(2, '2016-11-04 23:59:00', 1849.055),
	(2, '2016-04-05 23:59:00', 50.003),
	(2, '2016-05-05 23:59:00', 322.99925),
	(2, '2016-06-05 23:59:00', 580.2252222),
	(2, '2016-07-05 23:59:00', 841.003),
	(2, '2016-08-05 23:59:00', 1094.628),
	(2, '2016-09-05 23:59:00', 1326.114111),
	(2, '2016-10-05 23:59:00', 1601.581947),
	(2, '2016-11-05 23:59:00', 1854.318),
	(2, '2016-04-06 23:59:00', 60.003),
	(2, '2016-05-06 23:59:00', 333.0005),
	(2, '2016-06-06 23:59:00', 587.1141111),
	(2, '2016-07-06 23:59:00', 850.003),
	(2, '2016-08-06 23:59:00', 1102.753),
	(2, '2016-09-06 23:59:00', 1334.891889),
	(2, '2016-10-06 23:59:00', 1610.897737),
	(2, '2016-11-06 23:59:00', 1859.581),
	(2, '2016-04-07 23:59:00', 70.003),
	(2, '2016-05-07 23:59:00', 343.00175),
	(2, '2016-06-07 23:59:00', 594.003),
	(2, '2016-07-07 23:59:00', 859.003),
	(2, '2016-08-07 23:59:00', 1110.878),
	(2, '2016-09-07 23:59:00', 1343.669667),
	(2, '2016-10-07 23:59:00', 1620.213526),
	(2, '2016-11-07 23:59:00', 1864.844),
	(2, '2016-04-08 23:59:00', 80.003),
	(2, '2016-05-08 23:59:00', 353.003),
	(2, '2016-06-08 23:59:00', 603.253),
	(2, '2016-07-08 23:59:00', 868.003),
	(2, '2016-08-08 23:59:00', 1119.003),
	(2, '2016-09-08 23:59:00', 1352.447444),
	(2, '2016-10-08 23:59:00', 1629.529316),
	(2, '2016-11-08 23:59:00', 1870.107),
	(2, '2016-04-09 23:59:00', 90.003),
	(2, '2016-05-09 23:59:00', 358.003),
	(2, '2016-06-09 23:59:00', 612.503),
	(2, '2016-07-09 23:59:00', 877.003),
	(2, '2016-08-09 23:59:00', 1127.128),
	(2, '2016-09-09 23:59:00', 1361.225222),
	(2, '2016-10-09 23:59:00', 1638.845105),
	(2, '2016-11-09 23:59:00', 1875.37),
	(2, '2016-04-10 23:59:00', 100.003),
	(2, '2016-05-10 23:59:00', 365.003),
	(2, '2016-06-10 23:59:00', 621.753),
	(2, '2016-07-10 23:59:00', 885.003),
	(2, '2016-08-10 23:59:00', 1135.253),
	(2, '2016-09-10 23:59:00', 1370.003),
	(2, '2016-10-10 23:59:00', 1648.160895),
	(2, '2016-11-10 23:59:00', 1880.633),
	(2, '2016-04-11 23:59:00', 110.003),
	(2, '2016-05-11 23:59:00', 372.003),
	(2, '2016-06-11 23:59:00', 631.003),
	(2, '2016-07-11 23:59:00', 893.003),
	(2, '2016-08-11 23:59:00', 1143.378),
	(2, '2016-09-11 23:59:00', 1379.253),
	(2, '2016-10-11 23:59:00', 1657.476684),
	(2, '2016-11-11 23:59:00', 1885.896),
	(2, '2016-04-12 23:59:00', 120.003),
	(2, '2016-05-12 23:59:00', 380.003),
	(2, '2016-06-12 23:59:00', 640.253),
	(2, '2016-07-12 23:59:00', 901.003),
	(2, '2016-08-12 23:59:00', 1151.503),
	(2, '2016-09-12 23:59:00', 1388.503),
	(2, '2016-10-12 23:59:00', 1666.792474),
	(2, '2016-11-12 23:59:00', 1891.159),
	(2, '2016-04-13 23:59:00', 130.003),
	(2, '2016-05-13 23:59:00', 388.003),
	(2, '2016-06-13 23:59:00', 649.503),
	(2, '2016-07-13 23:59:00', 909.003),
	(2, '2016-08-13 23:59:00', 1159.628),
	(2, '2016-09-13 23:59:00', 1397.753),
	(2, '2016-10-13 23:59:00', 1676.108263),
	(2, '2016-11-13 23:59:00', 1896.422),
	(2, '2016-04-14 23:59:00', 139.003),
	(2, '2016-05-14 23:59:00', 396.003),
	(2, '2016-06-14 23:59:00', 658.753),
	(2, '2016-07-14 23:59:00', 917.003),
	(2, '2016-08-14 23:59:00', 1167.753),
	(2, '2016-09-14 23:59:00', 1407.003),
	(2, '2016-10-14 23:59:00', 1685.424053),
	(2, '2016-11-14 23:59:00', 1901.685),
	(2, '2016-04-15 23:59:00', 148.003),
	(2, '2016-05-15 23:59:00', 404.003),
	(2, '2016-06-15 23:59:00', 668.003),
	(2, '2016-07-15 23:59:00', 925.003),
	(2, '2016-08-15 23:59:00', 1175.878),
	(2, '2016-09-15 23:59:00', 1416.253),
	(2, '2016-10-15 23:59:00', 1694.739842),
	(2, '2016-11-15 23:59:00', 1906.948),
	(2, '2016-04-16 23:59:00', 157.003),
	(2, '2016-05-16 23:59:00', 413.003),
	(2, '2016-06-16 23:59:00', 677.253),
	(2, '2016-07-16 23:59:00', 933.003),
	(2, '2016-08-16 23:59:00', 1184.003),
	(2, '2016-09-16 23:59:00', 1425.503),
	(2, '2016-10-16 23:59:00', 1704.055632),
	(2, '2016-11-16 23:59:00', 1912.211),
	(2, '2016-04-17 23:59:00', 166.003),
	(2, '2016-05-17 23:59:00', 425.003),
	(2, '2016-06-17 23:59:00', 686.503),
	(2, '2016-07-17 23:59:00', 941.003),
	(2, '2016-08-17 23:59:00', 1192.128),
	(2, '2016-09-17 23:59:00', 1434.753),
	(2, '2016-10-17 23:59:00', 1713.371421),
	(2, '2016-11-17 23:59:00', 1917.474),
	(2, '2016-04-18 23:59:00', 173.753),
	(2, '2016-05-18 23:59:00', 437.003),
	(2, '2016-06-18 23:59:00', 695.753),
	(2, '2016-07-18 23:59:00', 949.003),
	(2, '2016-08-18 23:59:00', 1200.253),
	(2, '2016-09-18 23:59:00', 1444.003),
	(2, '2016-10-18 23:59:00', 1722.687211),
	(2, '2016-11-18 23:59:00', 1922.737),
	(2, '2016-04-19 23:59:00', 181.503),
	(2, '2016-05-19 23:59:00', 445.003),
	(2, '2016-06-19 23:59:00', 705.003),
	(2, '2016-07-19 23:59:00', 957.003),
	(2, '2016-08-19 23:59:00', 1208.378),
	(2, '2016-09-19 23:59:00', 1453.253),
	(2, '2016-10-19 23:59:00', 1732.003),
	(2, '2016-04-20 23:59:00', 189.253),
	(2, '2016-05-20 23:59:00', 453.003),
	(2, '2016-06-20 23:59:00', 713.2757273),
	(2, '2016-07-20 23:59:00', 965.003),
	(2, '2016-08-20 23:59:00', 1216.503),
	(2, '2016-09-20 23:59:00', 1462.503),
	(2, '2016-10-20 23:59:00', 1740.548455),
	(2, '2016-04-21 23:59:00', 197.003),
	(2, '2016-05-21 23:59:00', 461.003),
	(2, '2016-06-21 23:59:00', 721.5484545),
	(2, '2016-07-21 23:59:00', 973.003),
	(2, '2016-08-21 23:59:00', 1224.628),
	(2, '2016-09-21 23:59:00', 1471.753),
	(2, '2016-10-21 23:59:00', 1749.093909),
	(2, '2016-04-22 23:59:00', 205.003),
	(2, '2016-05-22 23:59:00', 469.003),
	(2, '2016-06-22 23:59:00', 729.8211818),
	(2, '2016-07-22 23:59:00', 981.003),
	(2, '2016-08-22 23:59:00', 1232.753),
	(2, '2016-09-22 23:59:00', 1481.003),
	(2, '2016-10-22 23:59:00', 1757.639364),
	(2, '2016-04-23 23:59:00', 213.003),
	(2, '2016-05-23 23:59:00', 477.003),
	(2, '2016-06-23 23:59:00', 738.0939091),
	(2, '2016-07-23 23:59:00', 989.003),
	(2, '2016-08-23 23:59:00', 1240.878),
	(2, '2016-09-23 23:59:00', 1490.253),
	(2, '2016-10-23 23:59:00', 1766.184818),
	(2, '2016-04-24 23:59:00', 221.573),
	(2, '2016-05-24 23:59:00', 486.1696667),
	(2, '2016-06-24 23:59:00', 746.3666364),
	(2, '2016-07-24 23:59:00', 997.003),
	(2, '2016-08-24 23:59:00', 1249.003),
	(2, '2016-09-24 23:59:00', 1499.503),
	(2, '2016-10-24 23:59:00', 1774.730273),
	(2, '2016-04-25 23:59:00', 230.143),
	(2, '2016-05-25 23:59:00', 495.3363333),
	(2, '2016-06-25 23:59:00', 754.6393636),
	(2, '2016-07-25 23:59:00', 1005.145857),
	(2, '2016-08-25 23:59:00', 1254.253),
	(2, '2016-09-25 23:59:00', 1508.753),
	(2, '2016-10-25 23:59:00', 1783.275727),
	(2, '2016-04-26 23:59:00', 238.713),
	(2, '2016-05-26 23:59:00', 504.503),
	(2, '2016-06-26 23:59:00', 762.9120909),
	(2, '2016-07-26 23:59:00', 1013.288714),
	(2, '2016-08-26 23:59:00', 1259.503),
	(2, '2016-09-26 23:59:00', 1518.003),
	(2, '2016-10-26 23:59:00', 1791.821182),
	(2, '2016-04-27 23:59:00', 247.283),
	(2, '2016-05-27 23:59:00', 513.6696667),
	(2, '2016-06-27 23:59:00', 771.1848182),
	(2, '2016-07-27 23:59:00', 1021.431571),
	(2, '2016-08-27 23:59:00', 1264.753),
	(2, '2016-09-27 23:59:00', 1527.253),
	(2, '2016-10-27 23:59:00', 1800.366636),
	(2, '2016-04-28 23:59:00', 255.853),
	(2, '2016-05-28 23:59:00', 522.8363333),
	(2, '2016-06-28 23:59:00', 779.4575455),
	(2, '2016-07-28 23:59:00', 1029.574429),
	(2, '2016-08-28 23:59:00', 1270.003),
	(2, '2016-09-28 23:59:00', 1536.503),
	(2, '2016-10-28 23:59:00', 1808.912091),
	(2, '2016-04-29 23:59:00', 264.423),
	(2, '2016-05-29 23:59:00', 532.003),
	(2, '2016-06-29 23:59:00', 787.7302727),
	(2, '2016-07-29 23:59:00', 1037.717286),
	(2, '2016-08-29 23:59:00', 1275.253),
	(2, '2016-09-29 23:59:00', 1545.753),
	(2, '2016-10-29 23:59:00', 1817.457545),
	(2, '2016-04-30 23:59:00', 272.993),
	(2, '2016-05-30 23:59:00', 538.8918889),
	(2, '2016-06-30 23:59:00', 796.003),
	(2, '2016-07-30 23:59:00', 1045.860143),
	(2, '2016-08-30 23:59:00', 1280.503),
	(2, '2016-09-30 23:59:00', 1555.003),
	(2, '2016-10-30 23:59:00', 1826.003),
	(2, '2016-05-31 23:59:00', 545.7807778),
	(2, '2016-07-31 23:59:00', 1054.003),
	(2, '2016-08-31 23:59:00', 1285.753),
	(2, '2016-10-31 23:59:00', 1828.003),
	(5, '2002-12-31 23:59:00', 4900),
	(5, '2003-12-31 23:59:00', 9774),
	(5, '2004-12-31 23:59:00', 14874),
	(5, '2005-12-31 23:59:00', 20223),
	(5, '2006-12-31 23:59:00', 25148),
	(5, '2007-12-31 23:59:00', 29980),
	(5, '2008-12-31 23:59:00', 34999),
	(5, '2009-12-31 23:59:00', 39859),
	(5, '2010-12-31 23:59:00', 44988),
	(5, '2011-12-31 23:59:00', 50093),
	(5, '2012-12-31 23:59:00', 55021),
	(5, '2013-12-31 23:59:00', 59902),
	(5, '2014-12-31 23:59:00', 64211),
	(5, '2015-12-31 23:59:00', 67731),
	(5, '2016-03-31 23:59:00', 67841);
/*!40000 ALTER TABLE `leistung_bezug` ENABLE KEYS */;


-- Exportiere Struktur von Tabelle stromzaehler.momentane_leistung
CREATE TABLE IF NOT EXISTS `momentane_leistung` (
  `zaehlerid` int(11) DEFAULT NULL,
  `time` timestamp NULL DEFAULT NULL,
  `leistung` double DEFAULT NULL,
  KEY `zaehlerid` (`zaehlerid`),
  CONSTRAINT `FK__zaehler_momentane` FOREIGN KEY (`zaehlerid`) REFERENCES `zaehler` (`ID`)
) ENGINE=InnoDB DEFAULT CHARSET=utf8;

-- Exportiere Daten aus Tabelle stromzaehler.momentane_leistung: ~2 rows (ungefähr)
/*!40000 ALTER TABLE `momentane_leistung` DISABLE KEYS */;
INSERT INTO `momentane_leistung` (`zaehlerid`, `time`, `leistung`) VALUES
	(1, '2016-11-24 19:40:48', 0),
	(2, '2016-11-24 19:40:47', 589.3);
/*!40000 ALTER TABLE `momentane_leistung` ENABLE KEYS */;


-- Exportiere Struktur von Tabelle stromzaehler.zaehler
CREATE TABLE IF NOT EXISTS `zaehler` (
  `ID` int(11) NOT NULL AUTO_INCREMENT,
  `name` varchar(20) DEFAULT '0',
  `offset` double DEFAULT NULL,
  PRIMARY KEY (`ID`)
) ENGINE=InnoDB AUTO_INCREMENT=6 DEFAULT CHARSET=utf8;

-- Exportiere Daten aus Tabelle stromzaehler.zaehler: ~5 rows (ungefähr)
/*!40000 ALTER TABLE `zaehler` DISABLE KEYS */;
INSERT INTO `zaehler` (`ID`, `name`, `offset`) VALUES
	(1, 'Anlieferung 3', 32263.931),
	(2, 'Bezug 2', 67841),
	(3, 'Anlieferung 2', 18424.931),
	(4, 'Anlieferung 1', 0),
	(5, 'Bezug 1', NULL);
/*!40000 ALTER TABLE `zaehler` ENABLE KEYS */;
/*!40101 SET SQL_MODE=IFNULL(@OLD_SQL_MODE, '') */;
/*!40014 SET FOREIGN_KEY_CHECKS=IF(@OLD_FOREIGN_KEY_CHECKS IS NULL, 1, @OLD_FOREIGN_KEY_CHECKS) */;
/*!40101 SET CHARACTER_SET_CLIENT=@OLD_CHARACTER_SET_CLIENT */;
